numprocesso,objeto,orgao,adesao_ata_srp-2025__qtd_registros,alteracoes_ata_srp-2025__qtd_registros,contratos-2025__qtd_registros,empresas_participantes-2025__qtd_registros,itens-2025__qtd_registros,lotes-2025__qtd_registros,orgaos_participantes-2025__qtd_registros,publicidade-2025__qtd_registros,anomaly_score,is_anomalous
3,"Audiência Pública que visa obter contribuições para compor o Estudo Técnico Preliminar e Termo de Referência para posterior Registro de Preços pelo período de 1 ano, prorrogável por igual período, na forma do Art. 84 da Lei Federal nº 14.133/2021, para futura e eventual Contratação do Serviço Contínuo de Gerenciamento da Manutenção Preventiva e Corretiva da Frota de Veículos dos Órgãos e Entidades do Poder Executivo do Estado do Paraná.",SEAP-Secretaria de Estado da Administração e da Previdência,,,,15.0,33.0,33.0,47.0,,-0.07811761308100718,0
6,"Chamamento Público para seleção de interessados na utilização de espaços públicos para construção de estrutura física para emprego de mão de obra prisional na Penitenciária Estadual de Francisco Beltrão, mediante formalização de Termo de Cooperação e Permissão de Uso, sem transferência de recursos.",SESP-Secretaria de Estado da Segurança Pública,,,,17.0,65.0,38.0,40.0,,0.004112933869771185,1
7,"Chamamento Público para seleção de interessados na utilização de espaços públicos para a construção de estrutura física para emprego de mão de obra prisional na Penitenciária Industrial de Guarapuava, mediante formalização de Termo de Cooperação e Permissão de Uso, sem transferência de recursos.",SESP-Secretaria de Estado da Segurança Pública,,,1.0,9.0,18.0,15.0,7.0,,-0.1978491939287833,0
10,"Chamamento Público para seleção de interessados na utilização de espaços públicos para construção de estrutura física para emprego de mão de obra prisional na Penitenciária Central do Estado - Unidade de Progressão - PCE-UP, mediante formalização de Termo de Cooperação e Permissão de Uso, sem transferência de recursos.",SESP-Secretaria de Estado da Segurança Pública,,,2.0,7.0,10.0,7.0,5.0,,-0.12775933093340974,0
11,"Chamamento Público para seleção de interessados na utilização de espaços públicos para construção de estrutura física para emprego de mão de obra prisional na Penitenciária Estadual de Ponta Grossa - Unidade de Segurança II - PEPG - US II, mediante formalização de Termo de Cooperação e Permissão de Uso, sem transferência de recursos.",SESP-Secretaria de Estado da Segurança Pública,,,8.0,9.0,19.0,13.0,,,-0.044397477761283666,0
12,"Chamamento Público para seleção de interessados na utilização de espaços públicos para construção de estrutura física para emprego de mão de obra prisional na Penitenciária Feminina de Piraquara II - Centro de Integração Social, mediante formalização de Termo de Cooperação e Permissão de Uso, sem transferência de recursos.",SESP-Secretaria de Estado da Segurança Pública,,,,258.0,316.0,279.0,,,0.21544113462312842,1
13,"Chamamento Público para seleção de interessados na utilização de espaços públicos para a construção de estrutura física para emprego de mão de obra prisional na Penitenciária de Integração Social de Piraquara - PISP, mediante formalização de Termo de Cooperação e Permissão de Uso, sem transferência de recursos.",SESP-Secretaria de Estado da Segurança Pública,,,3.0,4.0,6.0,6.0,,,-0.20068637699272668,0
14,"Chamamento Público para seleção de interessados na utilização de espaços públicos para a construção de estrutura física para emprego de mão de obra prisional na Cadeia Pública de Loanda, mediante formalização de Termo de Cooperação e Permissão de Uso, sem transferência de recursos.",SESP-Secretaria de Estado da Segurança Pública,,,3.0,72.0,74.0,74.0,,,0.00504263940214833,1
15,"Chamamento Público para seleção de interessados na utilização de espaços públicos para a construção de estrutura física para emprego de mão de obra prisional na Penitenciária Feminina do Paraná - PFP, mediante formalização de Termo de Cooperação e Permissão de Uso, sem transferência de recursos.",SESP-Secretaria de Estado da Segurança Pública,,,1.0,2.0,3.0,3.0,1.0,,0.11587189815049437,1
16,"Chamamento Público para seleção de interessados na utilização de espaços públicos para a uso de estrutura física para emprego de mão de obra prisional na Penitenciária Estadual de Francisco Beltrão - PEFB, mediante formalização de Termo de Cooperação e Permissão de Uso, sem transferência de recursos.",SESP-Secretaria de Estado da Segurança Pública,,,3.0,3.0,15.0,6.0,1.0,,-0.2014249846380709,0
17,"Chamamento Público para seleção de interessados na utilização de espaços públicos para a construção de estrutura física para emprego de mão de obra prisional na Penitenciária Estadual de Ponta Grossa - Unidade de Progressão - PEPG-UP, mediante formalização de Termo de Cooperação e Permissão de Uso, sem transferência de recursos.",SESP-Secretaria de Estado da Segurança Pública,,,1.0,68.0,68.0,70.0,,,-0.0,1
18,"Chamamento Público para seleção de interessados na utilização de espaços públicos para a construção de estrutura física para emprego de mão de obra prisional na Penitenciária Estadual de Foz do Iguaçu III - Unidade de Progressão - PEF III-UP, mediante formalização de Termo de Cooperação e Permissão de Uso, sem transferência de recursos.",SESP-Secretaria de Estado da Segurança Pública,,,2.0,4.0,8.0,8.0,,,-0.18575389508209955,0
19,"Chamamento Público para seleção de interessados na utilização de espaços públicos para a construção de estrutura física para emprego de mão de obra prisional na Penitenciária Estadual de Campo Mourão, mediante formalização de Termo de Cooperação e Permissão de Uso, sem transferência de recursos.",SESP-Secretaria de Estado da Segurança Pública,,,1.0,1.0,19.0,19.0,,,-0.18152526776622258,0
20,"Chamamento Público para seleção de interessados na utilização de espaços públicos para a construção de estrutura física para emprego de mão de obra prisional na Cadeia Pública de Toledo, mediante formalização de Termo de Cooperação e Permissão de Uso, sem transferência de recursos.",SESP-Secretaria de Estado da Segurança Pública,,,,9.0,29.0,14.0,16.0,,-0.17731268808651185,0
21,"Chamamento Público para seleção de interessados na utilização de espaços públicos para a construção de estrutura física para emprego de mão de obra prisional na Casa de Custódia de Piraquara - CCP, mediante formalização de Termo de Cooperação e Permissão de Uso, sem transferência de recursos.",SESP-Secretaria de Estado da Segurança Pública,,,,1.0,13.0,12.0,,,-0.205270984682283,0
22,"Chamamento Público para seleção de interessados na utilização de espaços públicos para a construção de estrutura física para emprego de mão de obra prisional na Penitenciária Estadual Thiago Borges de Carvalho - PETBC, mediante formalização de Termo de Cooperação e Permissão de Uso, sem transferência de recursos.",SESP-Secretaria de Estado da Segurança Pública,,,1.0,1.0,26.0,3.0,,,-0.11714521932805955,0
27,"Chamamento Público para seleção de interessados na utilização de espaços públicos para o uso de estrutura física para emprego de mão de obra prisional na Penitenciária Estadual de Foz do Iguaçu III - Unidade de Progressão - PEF III-UP, mediante formalização de Termo de Cooperação e Permissão de Uso, sem transferência de recursos.",SESP-Secretaria de Estado da Segurança Pública,,,1.0,1.0,7.0,7.0,,,-0.2220880109932744,0
28,"Chamamento Público para seleção de interessados na utilização de espaços públicos para a construção de estrutura física para emprego de mão de obra prisional na Colônia Penal Agroindustrial do Estado do Paraná - CPAI, mediante formalização de Termo de Cooperação e Permissão de Uso, sem transferência de recursos.",SESP-Secretaria de Estado da Segurança Pública,,,1.0,37.0,42.0,49.0,15.0,,-0.06804230265761146,0
29,"Chamamento Público para seleção de interessados na utilização de espaços públicos para o uso de estrutura física para emprego de mão de obra prisional na Colônia Penal Agroindustrial do Estado do Paraná - CPAI, mediante formalização de Termo de Cooperação e Permissão de Uso, sem transferência de recursos.",SESP-Secretaria de Estado da Segurança Pública,,,3.0,3.0,6.0,5.0,,,-0.22402611138663953,0
30,"Chamamento Público para seleção de interessados na utilização de espaços públicos para a construção de estrutura física para emprego de mão de obra prisional na Penitenciária Industrial Marcelo Pinheiro - PIMP, mediante formalização de Termo de Cooperação e Permissão de Uso, sem transferência de recursos.",SESP-Secretaria de Estado da Segurança Pública,,,,1.0,3.0,3.0,,,-0.17970566400365545,0
31,"Chamamento Público para seleção de interessados na utilização de espaços públicos para o uso de estrutura física para emprego de mão de obra prisional na Penitenciária Industrial Marcelo Pinheiro - PIMP, mediante formalização de Termo de Cooperação e Permissão de Uso, sem transferência de recursos.",SESP-Secretaria de Estado da Segurança Pública,,,2.0,2.0,6.0,6.0,4.0,,-0.2251976451094424,0
32,"Chamamento Público para seleção de interessados na utilização de espaços públicos para o uso de estrutura física para emprego de mão de obra prisional na Penitenciária Estadual de Londrina II - PEL II,  mediante formalização de Termo de Cooperação e Permissão de Uso, sem transferência de recursos.",SESP-Secretaria de Estado da Segurança Pública,,,2.0,3.0,9.0,10.0,5.0,,-0.14358988504469367,0
33,"Chamamento Público para seleção de interessados na utilização de espaços públicos para o uso de estrutura física para emprego de mão de obra prisional na Penitenciária Estadual de Guarapuava - PIG, mediante formalização de Termo de Cooperação e Permissão de Uso, sem transferência de recursos.",SESP-Secretaria de Estado da Segurança Pública,,,,1.0,10.0,9.0,,,-0.21218230321210835,0
34,"Seleção de produções audiovisuais de pessoas jurídicas e físicas, sejam elas obras já desenvolvidas, finalizadas e em produção, visando a veiculação em TV aberta pelo Canal TV Paraná Turismo, com a possibilidade de composição da grade de programação, os quais em fase final serão submetidos e aprovados pelo Conselho de Programação da TV Paraná Turismo.",SECOM-Secretaria de Estado da Comunicação,,,1.0,1.0,11.0,11.0,,,-0.17470510469051714,0
1,"Contratação de empresa especializada em criação de experiências imersivas para a prestação de serviços de produção de jogo educacional, na plataforma roblox, com finalidade didática, incluindo serviços de implantação, acompanhamento e manutenção, pelo período de 1 ano após o lançamento, destinado a atender demandas do Programa de Educação Fiscal da SEFA/PR",SEFA-Secretaria de Estado da Fazenda,,,7.0,13.0,29.0,25.0,16.0,,-0.1388080585926264,0
1,"Contratação de empresa especializada para execução de reforma da sala de tomógrafo com área de 43,28 metros quadrados, no Bloco S08, Clínica Odontológica, no endereço Avenida Mandacaru, 1550, no município de Maringá, Paraná, conforme planilha orçamentária de referência constante no Anexo XIII.",UEM-Universidade Estadual de Maringá,,,7.0,13.0,29.0,25.0,16.0,,-0.1388080585926264,0
2,"Contratação Integrada de empresa especializada em engenharia e/ou arquitetura para elaboração de projetos básico, legal e executivo de arquitetura, projetos complementares de engenharia, aprovação nos órgãos competentes, As Built e execução da obra da Unidade Nova Escolar - UNV GRALHA AZUL, situada à Avenida Portugal, 3623, Bairro Nações, fone do NRE da Área Metropolitana Sul 41 3277-7353, no Município de Fazenda Rio Grande, Estado do Paraná, com desenvolvimento dos projetos em plataforma BIM.",FUNDEPAR-Instituto Paranaense de Desenvolvimento Educacional,,,4.0,8.0,26.0,12.0,,,-0.15785720818116045,0
3,"Contratação de serviços especializados de arquitetura e engenharia para projeto e execução das obras do Centro de Tecnologia Inovação Lazer e Cultura- Fabrica de Ideias, no municipio de Curitiba, bairro Rebouças, compreendendo desenvolvimento de projetos basicos, aprovações e licenciamentos nos orgaos competentes, desenvolvimento de projetos executivos, planejamento e orçamentação detalhada, obras de demolição, reforma e ampliação de edificações existentes- retrofit, construção de infraestrutura, acessos e paisagismo, bem como construção de novas edificações conforme anteprojetos, procedimentos e demais documentos deste edital.",SECID-Secretaria de Estado das Cidades (Antigo SEDU),,,,15.0,33.0,33.0,47.0,,-0.07811761308100718,0
4,"Execução de obras de recuperação do pavimento de vias urbanas do Município de Tamboara, em cumprimento ao Convênio 007/2024 - protocolo 21.244.976-8, celebrado entre o Departamento de Estradas de Rodagem do Estado do Paraná e o município de Tamboara no âmbito da Superintendência Regional Noroeste do DER/PR.",DER-Departamento de Estradas de Rodagem do Estado do Paraná,,,3.0,22.0,33.0,27.0,,,-0.12056201553385576,0
5,"Contratação de Empresa de Supervisão e Apoio à Fiscalização da execução de obras de duplicação em pavimento rígido da PR-412 e implantação de vias marginais, entre a ponte sobre o canal em Matinhos e a interseção com a rodovia PR-407 em Pontal do Paraná, numa extensão de 14,28 km, por Produto, no Âmbito da Superintendência Regional Leste do DER/PR.",DER-Departamento de Estradas de Rodagem do Estado do Paraná,,,5.0,22.0,60.0,41.0,1.0,,-0.04890014232784401,0
6,"Contratação de Empresa para Execução de Serviços Técnicos de Supervisão e Apoio à Fiscalização da Execução de obras de restauração e duplicação da PR-412, entre a divisa PR/SC até Guaratuba.",DER-Departamento de Estradas de Rodagem do Estado do Paraná,,,,17.0,65.0,38.0,40.0,,0.004112933869771185,1
8,"Execução dos serviços de recuperação de talude de aterro, inclusive construção de descidas d água no km 2,040 da rodovia PR-897, Contorno Viário do município de Marialva, no âmbito da Superintendência Regional Noroeste do DER/PR.",DER-Departamento de Estradas de Rodagem do Estado do Paraná,,,2.0,39.0,42.0,42.0,,,-0.06789509503153479,0
9,Reforma/adequações da rede elétrica da Biblioteca do Campus de Toledo.,UNIOESTE TOLEDO-Universidade Estadual do Oeste do Paraná - Campus Toledo,,,3.0,3.0,14.0,3.0,,,-0.22561885294680356,0
10,"Contratação de empresa para execução de serviços técnicos de supervisão e apoio à fiscalização na análise e aprovação de projeto e execução das obras de restauração e melhorias nas rodovias PR-180 e PR-281, no trecho Dois Vizinhos a Francisco Beltrão, no âmbito da diretoria de operações da Superintendência Regional Oeste de Cascavel.",DER-Departamento de Estradas de Rodagem do Estado do Paraná,,,2.0,7.0,10.0,7.0,5.0,,-0.12775933093340974,0
11,Contratação de empresa especializada para execução do remanescente da obra de reforma da Central de Pós-Graduação do Campus Luiz Meneghel de Bandeirantes.,UENP-Universidade Estadual do Norte do Paraná,,,8.0,9.0,19.0,13.0,,,-0.044397477761283666,0
12,"Contratação de Empresa Especializada em Engenharia/Arquitetura para Elaboração de Laudo Técnico Conclusivo de Avaliação Estrutural, Projeto de Reforço Estrutural, Projeto de Reforma e de Estrutura Metálica para a Cobertura para o CAC do Campus de Paranavaí da Universidade Estadual do Paraná.",UNESPAR-Universidade Estadual do Paraná,,,,258.0,316.0,279.0,,,0.21544113462312842,1
14,"Execução de obras de contenção de águas pluviais e demais dispositivos de drenagem na rodovia PR-685 trecho Entr. PR-492 Entr. PR-559, para solucionar problemas de erosão de solo em propriedades lindeiras aos dispositivos de drenagem da rodovia PR-685, por determinação do Ministério Público.",DER-Departamento de Estradas de Rodagem do Estado do Paraná,,,3.0,72.0,74.0,74.0,,,0.00504263940214833,1
15,"Execução das obras de implantação e pavimentação das rodovias PR-574, entre Palmitópolis e Cafelândia, e PR-575, entre Palmitópolis e Jotaesse, com extensão de 21,27 km.",DER-Departamento de Estradas de Rodagem do Estado do Paraná,,,1.0,2.0,3.0,3.0,1.0,,0.11587189815049437,1
16,"Elaboração de Projeto Básico de Engenharia para Restauração e Ampliação de Capacidade da Rodovia PR-218 entre Entr. PR-561 Paranavaí  a Amaporã  numa extensão de 33,43 km.",DER-Departamento de Estradas de Rodagem do Estado do Paraná,,,3.0,3.0,15.0,6.0,1.0,,-0.2014249846380709,0
18,Reforma do Cels,UNIOESTE FOZ-Universidade Estadual do Oeste do Paraná - Campus Foz do Iguaçu,,,2.0,4.0,8.0,8.0,,,-0.18575389508209955,0
20,"Contratação de empresa especializada na área de engenharia/ arquitetura para elaboração de documentos necessários para a regularização das edificações do campus sede da Universidade Estadual de Maringá - UEM quanto às normas de prevenção e combate a incêndios e a desastres. Serão executados os serviços de levantamento arquitetônico e elaboração de Projeto Técnico de Prevenção a Incêndio e a Desastres - PTPID, conforme Anexo X do edital",UEM-Universidade Estadual de Maringá,,,,9.0,29.0,14.0,16.0,,-0.17731268808651185,0
23,"Contratação Integrada de Empresa para Elaboração dos Projetos Básico e Executivo e Execução das Obras de Restauração e Duplicação da PR-412, entre a divisa de PR/SC até Guaratuba, numa extensão de 12,81 km.",DER-Departamento de Estradas de Rodagem do Estado do Paraná,,,1.0,1.0,4.0,4.0,,,-0.2093915853168945,0
24,"Contratação de empresa especializada para execução da obra de edificação do novo escritório do IDR-Paraná no município de União da Vitória PR, em terreno situado à Rua Professora Amazília, 747, perfazendo área construída de 254,51 metros quadrados, conforme planilha orçamentária de referência.",IDR-Instituto de Desenvolvimento Rural do Paraná - IAPAR-EMATER,,,2.0,11.0,43.0,25.0,32.0,,-0.11305763474853919,0
25,"Contratação de empresa especializada para execução da obra de edificação do novo escritório do IDR-Paraná no município de Centenário do Sul-PR, em terreno situado à Rua Vereador Maziadi Felício, QD 09 Lote 12-D, com área construída de 264,21 metros quadrados, conforme planilha orçamentária de referência.",IDR-Instituto de Desenvolvimento Rural do Paraná - IAPAR-EMATER,,,,11.0,35.0,37.0,,,-0.13975259348608116,0
26,"Contratação de empresa especializada para execução da obra de edificação do novo escritório do IDR-Paraná no município de Umuarama-PR, em terreno situado à Rua Desembargador Antônio Franco Ferreira da Costa, nº 3560, Centro, com área construída de 276,38 metros quadrados, conforme planilha orçamentária de referência.",IDR-Instituto de Desenvolvimento Rural do Paraná - IAPAR-EMATER,,,,5.0,29.0,29.0,38.0,,-0.12960879664570907,0
27,"Execução de obra comum de engenharia referente à reforma no Edifício Sede do Departamento de Estradas de Rodagem do Paraná, no Bloco C - Restaurante e Garagem, com área aproximada de 3.600,00 m2, sito à Avenida Iguaçu, n.º 340, no município de Curitiba, Paraná.",DER-Departamento de Estradas de Rodagem do Estado do Paraná,,,1.0,1.0,7.0,7.0,,,-0.2220880109932744,0
28,"CONTRATAÇÃO DE EMPRESA PARA REALIZAÇÃO DE SERVIÇOS, COM FORNECIMENTO DE MATERIAL, DE REFORMA DAS INSTALAÇÕES DO SETOR DE CIÊNCIAS SOCIAIS APLICADAS SESA, NO BLOCO G DO CÂMPUS SANTA CRUZ DA UNICENTRO, COM RECURSOS PRÓPRIOS.",UNICENTRO-Universidade Estadual do Centro-Oeste,,,1.0,37.0,42.0,49.0,15.0,,-0.06804230265761146,0
29,"Contratação de empresa especializada para execução AMPLIAÇÃO DA SEÇÃO DE ESCOAMENTO DO
RIO MASCATE E OBRAS COMPLEMENTARES  ETAPA 01, conforme planilha orçamentária de
referência constante no Anexo XIII.",IAT-Instituto Água e Terra (Antigo IAP),,,3.0,3.0,6.0,5.0,,,-0.22402611138663953,0
31,"Contratação de empresa especializada para execução da obra de edificação do novo escritório do IDR-Paraná no município de Realeza PR, em terreno situado à Rua Sgto. Ramires da Silva, QD 36 Lote 06, perfazendo área construída de 150,70 metros quadrados, conforme planilha orçamentária de referência.",IDR-Instituto de Desenvolvimento Rural do Paraná - IAPAR-EMATER,,,2.0,2.0,6.0,6.0,4.0,,-0.2251976451094424,0
32,"Contratação de empresa especializada em obras de engenharia para Construção da Unidade Nova Escolar do Colégio Estadual Interventor Manoel Ribas, situado na Rua Carlos Gardel, s/n, fone 46 3520-4900, no Município de Santo Antônio do Sudoeste, Estado do Paraná.",FUNDEPAR-Instituto Paranaense de Desenvolvimento Educacional,,,2.0,3.0,9.0,10.0,5.0,,-0.14358988504469367,0
35,"CONTRATAÇÃO DE PESSOA JURÍDICA ESPECIALIZADA NO SEGMENTO HOSPITALAR, OBJETIVANDO A PRESTAÇÃO DE SERVIÇOS MÉDICOS, EQUIPE MULTIDISCIPLINAR ASSISTENCIAL, FORNECIMENTO DE EQUIPAMENTOS, DE FORMA COMPLEMENTAR E ACESSÓRIOS MÉDICO HOSPITALARES COM MANUTENÇÃO PREVENTIVA E CORRETIVA DOS RESPECTIVOS EQUIPAMENTOS, OPME, INSTRUMENTAIS CIRÚRGICOS, INSUMOS HOSPITALARES, MEDICAMENTOS E SERVIÇOS COMPLEMENTARES COM LAUDOS PARA DIAGNÓSTICO E TRATAMENTO, VISANDO O ATENDIMENTO DOS USUÁRIOS DO SISTEMA ÚNICO DE SAÚDE NO HOSPITAL REGIONAL DO CENTRO OESTE  HRCO, PELO PERÍODO DE 24 VINTE E QUATRO MESES",FUNEAS-Fundação Estatal de Atenção em Saúde do Estado do Paraná,,,1.0,4.0,9.0,7.0,,,-0.19265778199729305,0
36,"Execução das obras de recuperação, reforço e reabilitação da ponte sobre o rio Jordão, na rodovia PR-170, em Guarapuava, numa extensão total de 158,80 metros.",DER-Departamento de Estradas de Rodagem do Estado do Paraná,,,1.0,1.0,4.0,4.0,,,-0.20763244188281993,0
38,"Contratação de empresa para elaboração do Estudo de Impacto Ambiental - EIA e o respectivo Relatório de Impacto Ambiental -RIMA, Anteprojeto de engenharia, demais estudos ambientais e documentos necessários para o Licenciamento Ambiental Prévio para as obras de pavimentação da rodovia PR-405, trecho Guaraqueçaba ao Entroncamento da PR-340 - Cacatu, numa extensão de aproximadamente 80 km.",DER-Departamento de Estradas de Rodagem do Estado do Paraná,,,9.0,11.0,14.0,14.0,12.0,,-0.17264326727764578,0
39,"Contratação Integrada de Empresa para Elaboração dos Projetos Básico e Executivo e Execução das Obras de Implantação do Trevo de Acesso ao Hospital Regional de Cornélio Procópio e Melhorias na PR-160, numa extensão de 0,54 km.",DER-Departamento de Estradas de Rodagem do Estado do Paraná,,,1.0,2.0,8.0,8.0,,,-0.19210692179997002,0
41,"Contratação de empresa de consultoria para execução de serviços técnicos de supervisão e apoio à fiscalização das obras de implantação do Contorno Noroeste de Pato Branco Lote 2, entre as rodovias PR-493 e PRC-158, numa extensão total de 14,34 km, no âmbito da Superintendência Regional Oeste do DER/PR.",DER-Departamento de Estradas de Rodagem do Estado do Paraná,,,,1.0,7.0,3.0,2.0,,-0.15517460826242718,0
43,"Contratação de Empresa de Consultoria para Execução de Serviços Técnicos de Supervisão e Apoio à Fiscalização da Execução das Obras de Restauração e Ampliação de Capacidade da PRC-466, entre a Subestação Ivaiporã Furnas e Pitanga, e das PR-487 e PR-460, entre a Ponte sobre o Rio Muquilão e Pitanga, no âmbito da Superintendência Regional Campos Gerais do DER/PR.",DER-Departamento de Estradas de Rodagem do Estado do Paraná,,,1.0,4.0,6.0,6.0,,,-0.2102636199891889,0
44,"contratação de empresa de engenharia e arquitetura especializada e qualificada para elaboração de projetos arquitetônico e complementares executivos para regularização, reforma do Hospital Adauto Botelho HAB.",FUNEAS-Fundação Estatal de Atenção em Saúde do Estado do Paraná,,,,6.0,14.0,10.0,,,-0.1977798502367099,0
46,"Contratação Integrada de Empresa para Elaboração dos Projetos Básico e Executivo e Execução das Obras de Duplicação e Ampliação de Capacidade da Rodovia PR-092 Rodovia dos Minérios, entre a área urbana de Almirante Tamandaré e o Jardim Areias, numa extensão de aproximadamente 8,30 km.",DER-Departamento de Estradas de Rodagem do Estado do Paraná,,,2.0,3.0,8.0,4.0,,,-0.22197807286057364,0
50,"CONTRATAÇÃO DE EMPRESA ESPECIALIZADA NO SEGMENTO HOSPITALAR, OBJETIVANDO A IMPLANTAÇÃO E OPERACIONALIZAÇÃO DE 56 LEITOS NO HOSPITAL REGIONAL DE TELÊMACO BORBA HRTB, COM PERFIL MATERNO-INFANTIL, INCLUINDO RECURSOS HUMANOS PROFISSIONAIS MÉDICOS ESPECIALISTAS, EQUIPE MULTIDISCIPLINAR ASSISTENCIAL E DE APOIO, FORNECIMENTO DE EQUIPAMENTOS, DE FORMA COMPLEMENTAR E ACESSÓRIOS MÉDICO HOSPITALARES COM MANUTENÇÃO PREVENTIVA E CORRETIVA DE TODOS OS EQUIPAMENTOS DISPONÍVEIS NA UNIDADE, MOBILIÁRIOS ASSISTENCIAL, DE FORMA COMPLEMENTAR, INSTRUMENTAIS CIRÚRGICOS, INSUMOS HOSPITALARES, MEDICAMENTOS, GASES MEDICINAIS, PARA PRESTAÇÃO DE SERVIÇO MÉDICO HOSPITALAR DE MÉDIA E ALTA COMPLEXIDADE, PRONTO ATENDIMENTO OBSTÉTRICO 24 HORAS DISPONIBILIZANDO 02 LEITOS PARA ATENDIMENTO DE URGÊNCIAS E EMERGÊNCIAS OBSTÉTRICAS E COBERTURA AMBULATORIAL CONSULTAS MÉDICAS BÁSICAS E ESPECIALIZADAS, SERVIÇOS DE APOIO PARA DIAGNÓSTICOS E TRATAMENTOS, PELO PERÍODO DE 24 MESES",FUNEAS-Fundação Estatal de Atenção em Saúde do Estado do Paraná,,,1.0,15.0,17.0,16.0,71.0,,-0.13936266095184419,0
51,"CONTRATAÇÃO DE EMPRESA PARA REALIZAÇÃO DE SERVIÇOS, COM FORNECIMENTO DE MATERIAL, DE REFORMA DA INCUBADORA TECNOLÓGICA DE GUARAPUAVA, INTEG, NO CÂMPUS CEDETEG DA UNICENTRO, COM RECURSOS PRÓPRIOS.",UNICENTRO-Universidade Estadual do Centro-Oeste,,,2.0,2.0,18.0,3.0,16.0,,-0.18119602520532163,0
53,"CONTRATAÇÃO DE EMPRESA ESPECIALIZADA PARA REALIZAÇÃO DE SERVIÇOS, COM FORNECIMENTO DE MATERIAL, DE REFORMA DO DEPARTAMENTO DE PEDAGOGIA DO
CÂMPUS SANTA CRUZ DA UNICENTRO, COM RECURSOS PRÓPRIOS.",UNICENTRO-Universidade Estadual do Centro-Oeste,,,1.0,1.0,6.0,6.0,4.0,,-0.19848962507077583,0
55,"CONTRATAÇÃO DE EMPRESA ESPECIALIZADA PARA REALIZAÇÃO DE SERVIÇOS, COM FORNECIMENTO DE MATERIAL, DE REFORMA DO BLOCO DIDÁTICO 06 DO CÂMPUS
CEDETEG DA UNICENTRO, COM RECURSOS PRÓPRIOS.",UNICENTRO-Universidade Estadual do Centro-Oeste,,,1.0,1.0,7.0,3.0,,,-0.21501034748359854,0
57,Contratação de empresa de consultoria para apoio e assessoramento técnico ao DER/PR no planejamento e gerenciamento das ações de manutenção rodoviária e execução de serviços técnicos especializados para a caracterização funcional e estrutural da malha rodoviária do Estado do Paraná.,DER-Departamento de Estradas de Rodagem do Estado do Paraná,,,4.0,9.0,14.0,14.0,,,-0.17547995572895314,0
58,"Execução de serviços de manutenção e conservação rotineira e periódica do pavimento das rodovias sob jurisdição do Departamento de Estradas de Rodagem do Paraná-DER/PR, com fornecimento de materiais, subdividido em quarenta lotes, de acordo com o estabelecido no Termo de Referência.",DER-Departamento de Estradas de Rodagem do Estado do Paraná,,,,,43.0,41.0,,,0.061649428858762234,1
59,"CONTRATAÇÃO DE EMPRESA ESPECIALIZADA PARA REALIZAÇÃO DE SERVIÇOS, COM FORNECIMENTO DE MATERIAL, DE REFORMA DAS SALAS DA COORDENADORIA DE
COMUNICAÇÃO SOCIAL, NO CÂMPUS SANTA CRUZ DA UNICENTRO.",UNICENTRO-Universidade Estadual do Centro-Oeste,,,1.0,1.0,4.0,4.0,,,-0.21648573146818745,0
60,Contratação de empresa especializada para construção da quadra de areia do Campus Luiz Meneghel de Bandeirantes.,UENP-Universidade Estadual do Norte do Paraná,,,1.0,2.0,23.0,9.0,20.0,,-0.19200501328238734,0
61,"Contratação de empresa para execução de serviços de engenharia especializada para elaboração, revisão e atualização dos Planos de Bacia das Unidades Hidrográficas de Gerenciamento de Recursos Hídricos -UHGRH - do Estado do Paraná.",IAT-Instituto Água e Terra (Antigo IAP),,,1.0,1.0,5.0,5.0,,,-0.2069599671746617,0
63,"Contratação de empresa especializada para elaboração de projetos Básico e de Execução de Arquitetura e Complementares, como também a execução da obra de Construção da Escola de Surf, a ser edificada no município de Matinhos, considerando a realização do objeto através do Regime de Contratação Integrada de obras públicas na forma do Decreto Estadual nº 10.086/2022, o qual regulamenta a Lei Federal nº 14.133/2021, conforme elementos técnicos instrutores e anexos ao edital.",PRESP-Paraná Esporte (Antigo IPCE),,,,,2.0,2.0,,,-0.22944150288104648,0
66,"Execução de serviços de conservação do pavimento e da faixa de domínio dos trechos de rodovias sob jurisdição do Departamento de Estradas de Rodagem do Paraná - DER/PR, com fornecimento de materiais, que estão inseridos no novo programa de concessão de rodovias - Programa ProIntegra, subdivididos em três lotes, de acordo com o estabelecido no Termo de Referência.",DER-Departamento de Estradas de Rodagem do Estado do Paraná,,,2.0,5.0,15.0,11.0,,,-0.1644149454782245,0
68,"Contratação de empresa especializada para a elaboração de projetos executivos completos, com modelagem da informação da construção BIM, para implantação do Parque Ambiental Piraquara, incluindo os estudos técnicos complementares e obtenção de todas as aprovações junto aos órgãos competentes, conforme condições e exigências do Termo de Referência",AMEP-Agência de Assuntos Metropolitanos do Paraná (Antigo COMEC),,,5.0,,23.0,23.0,,,-0.17007535609107827,0
69,"Contratação Integrada para elaboração de projeto básico, executivo e execução das obras de pavimentação e adequação de capacidade da PR-436 no trecho entre o entroncamento com a BR-153 e o distrito Vila Guay, em Ibaiti, com uma extensão de aproximadamente 10,00 km.",DER-Departamento de Estradas de Rodagem do Estado do Paraná,,,,10.0,9.0,11.0,246.0,,-0.15849287753433033,0
72,"Sistema de Geração de Energia Solar Fotovoltaico, com potência mínima de 7,09 MWP, conectado à rede on grid e grid zero e sistema de carregadores de veículos elétricos elementos constantes da pasta técnica, no Campus da Universidade Estadual de Londrina UEL.",UEL-Universidade Estadual de Londrina,,,5.0,,17.0,17.0,,,-0.16400178834519602,0
73,"Contratação de empresa especializada para execução de serviços de reforma e reparos gerais nas instalações do Complexo Poliesportivo do Tarumã, conforme elementos técnicos instrutores e anexos ao edital.",PRESP-Paraná Esporte (Antigo IPCE),,,,,1.0,1.0,,,-0.23159666700088827,0
74,"Contratação de empresa especializada para execução da obra para Adequações e Reforma dos Blocos T27 - Biotério NB3 e T15 - Casa de Máquinas da Universidade Estadual de Maringá, situado na Avenida Colombo, 5790, no município de Maringá, Paraná, conforme planilha orçamentária de referência constante no Anexo XI do edital.",UEM-Universidade Estadual de Maringá,,,,1.0,2.0,2.0,,,-0.22937652081741455,0
77,"Contratação de empresa especializada para execução de obra para Reforma do bloco de salas dos pesquisadores no Polo de Pesquisa e Inovação do IDR-Paraná no município de Ponta Grossa, PR, localizado no endereço Avenida Presidente Kennedy, 496, Vendrami, Ponta Grossa, Paraná, conforme planilha orçamentária de referência constante no Anexo XIII",IDR-Instituto de Desenvolvimento Rural do Paraná - IAPAR-EMATER,,,,2.0,10.0,8.0,8.0,,-0.11942498673989616,0
78,"Contratação integrada de empresa especializada para elaboração dos projetos básico e executivo e execução da obra de implantação do Terminal Metropolitano de Londrina, Paraná",AMEP-Agência de Assuntos Metropolitanos do Paraná (Antigo COMEC),,,,,1.0,1.0,,,-0.1649165643797857,0
80,Construção da primeira etapa do ginásio,UNIOESTE FOZ-Universidade Estadual do Oeste do Paraná - Campus Foz do Iguaçu,,,,,18.0,11.0,17.0,,-0.20143797393557306,0
82,"Execução de obras para o atendimento de condicionante ambiental, compreendendo a remoção de entulhos existentes, construção de cercamento e instalação de sinalização, referente Complexo de Pontes de Porto Camargo, área de proteção ambiental localizada no Loteamento Vista Alegre Perímetro Urbano de Porto Camargo Icaraíma, PR.",DER-Departamento de Estradas de Rodagem do Estado do Paraná,,,7.0,8.0,9.0,9.0,,,-0.2012478997236265,0
84,"Contratação de empresa especializada para elaboração de laudo de avaliação estrutural de obra de arte especial - OAE, localizada no km 98,1 da BR-116, Contorno Leste de Curitiba, em São José dos Pinhais/PR, conforme Termo de Referência e demais anexos.",AMEP-Agência de Assuntos Metropolitanos do Paraná (Antigo COMEC),,,,,43.0,9.0,,,-0.18962308341520234,0
86,"Contratação Integrada para elaboração de projeto básico e executivo e execução das obras de Restauração e Ampliação da Capacidade da Rodovia PR-466, entre os km 80,79 e 132,65, no trecho compreendido entre o entroncamento com a PRC-272 Porto Ubá e o acesso a Subestação Ivaiporã Furnas, com extensão total de 51,86 km.",DER-Departamento de Estradas de Rodagem do Estado do Paraná,,,,,7.0,7.0,,,-0.21369133003200896,0
89,"Contratação de empresa especializada em obras de engenharia para Construção de Planetário no Parque de Ciências Newton Freire Maia, situado na Estrada da Graciosa, nº 7.400, Jardim Boa Vista, fone Área Metropolitana Norte 41 3251-6500, no Município de Pinhais, Estado do Paraná, conforme Planilha Orçamentária de Referência Anexo XII e demais elementos técnicos instrutores.",FUNDEPAR-Instituto Paranaense de Desenvolvimento Educacional,,,4.0,7.0,8.0,8.0,,,-0.1716214120503024,0
90,"Contratação Integrada de Empresa para Elaboração dos Projetos Básico, Executivo e Execução das Obras de pavimentação da PR-462, segmento do km 25,150 ao km 48,799, no estado do Paraná, entre Iretama e Barbosa Ferraz.",DER-Departamento de Estradas de Rodagem do Estado do Paraná,,,,,28.0,28.0,,,-0.15989049544358824,0
91,Reforma Coordenação de Pedgaogia,UNIOESTE FOZ-Universidade Estadual do Oeste do Paraná - Campus Foz do Iguaçu,,,,1.0,12.0,2.0,27.0,,-0.185557386016159,0
93,"Execução do remanescente das obras de implantação da Rodovia Antônio Eduardo de Brito, rodovia PR-160, entre os municípios de Imbaú km 238,192, na interseção com a BR-376 e Reserva km 266,553.",DER-Departamento de Estradas de Rodagem do Estado do Paraná,,,,,1.0,1.0,,,-0.07244617899312833,0
3,"CONTRATAÇÃO DE EXECUÇÃO DA OBRA DOS LABORATÓRIOS DE AVALIAÇÃO DA BIODIVERSIDADE LABIO, NO CENTRO DE CIÊNCIAS BIOLÓGICAS.",UEL-Universidade Estadual de Londrina,,,,15.0,33.0,33.0,47.0,,-0.07811761308100718,0
1,CONTRATAÇÃO DE SERVIÇO TÉCNICO PARA MANUTENÇÃO PREVENTIVA E CORRETIVA NO TRANSMISSOR DA RÁDIO E ESTUDIOS.,UEL-Universidade Estadual de Londrina,,,7.0,13.0,29.0,25.0,16.0,,-0.1388080585926264,0
14,"Credenciamento de empresas privadas para a celebração de Termos de Cooperação, visando a utilização da mão de obra de pessoas privadas de liberdade, em regime semiaberto, para prestação de serviços nas empresas, ou em locais previamente informados às Direções dos Estabelecimentos Penais, no âmbito do Estado do Paraná.
OBS - Para a execução do objeto dos Termos de Cooperação decorrentes deste credenciamento não haverá transferência de recursos entre os partícipes.",SESP-Secretaria de Estado da Segurança Pública,,,3.0,72.0,74.0,74.0,,,0.00504263940214833,1
17,"Credenciamento de empresas privadas para a celebração de Termos de Cooperação, visando a utilização da mão de obra de pessoas privadas de liberdade, em regime semiaberto harmonizado, para prestação de serviços nas empresas, ou em locais previamente informados às Direções dos Estabelecimentos Penais, no âmbito do Estado do Paraná. 

OBS - Para a execução do objeto dos Termos de Cooperação decorrentes deste credenciamento não haverá transferência de recursos entre os partícipes.",SESP-Secretaria de Estado da Segurança Pública,,,1.0,68.0,68.0,70.0,,,-0.0,1
22,"Credenciamento de empresas privadas para a celebração de Termos de Cooperação, visando a utilização da mão de obra de pessoas privadas de liberdade, em regime fechado, para prestação de serviços nas empresas, ou em locais previamente informados às Direções dos Estabelecimentos Penais, no âmbito do Estado do Paraná. OBS - Para a execução do objeto dos Termos de Cooperação decorrentes deste credenciamento não haverá transferência de recursos entre os partícipes.",SESP-Secretaria de Estado da Segurança Pública,,,1.0,1.0,26.0,3.0,,,-0.11714521932805955,0
24,"CHAMAMENTO PÚBLICO PARA CREDENCIAMENTO de empresas especializadas para execução de manutenção predial, manutenções corretivas e pequenas reformas que não alteram o uso dos ambientes, com fornecimento de todos os equipamentos, materiais e mão de obra necessários para a perfeita execução dos serviços, em atendimento às demandas e necessidades da UEM no Campus Sede, COD, CTI, Estação de Piscicultura, FEI, HUM, NUPAGRI, UPA e nos Campus Regionais - Cianorte, Cidade Gaúcha, Diamante do Norte, Goioerê, Ivaiporã, Umuarama e Base Avançada de Porto Rico.",UEM-Universidade Estadual de Maringá,,,2.0,11.0,43.0,25.0,32.0,,-0.11305763474853919,0
3,"Contratação de serviços de locação de equipamento Plotter multifuncional policromático com funções de impressão, cópia e digitalização, sendo o equipamento novo, sem uso e em linha de fabricação, bem como a instalação, configuração, conjuntamente com a manutenção preventiva e corretiva, reposição de peças e de todo o material de consumo necessário ao perfeito funcionamento do equipamento, exceto papel, conforme detalhamento tudo em conformidade com as especificações contidas no ANEXO I - Termo de Referência.",COHAPAR-Companhia de Habitação do Paraná,,,,15.0,33.0,33.0,47.0,,-0.07811761308100718,0
5,"Contratação de empresa, para prestação de serviços de secretariado executivo e contabilistas, em regime de dedicação exclusiva de mão de obra, pela metodologia de postos de trabalho, conforme quantificações e especificações nos termos das tabelas abaixo, assim como condições e exigências estabelecidas neste instrumento.",CELEPAR-Companhia de Tecnologia da Informação e Comunicação do Paraná,,,5.0,22.0,60.0,41.0,1.0,,-0.04890014232784401,0
17,"Seleção de empresa do ramo da construção civil visando formalização de parceria no âmbito do Programa Minha Casa, Minha Vida recursos do FGTS - Fundo de Garantia de Tempo de Serviço, doravante denominado MCMV - FGTS, e do Programa Casa Fácil PR, doravante denominado CFPR, através da permissão de uso de terreno de propriedade do MUNICÍPIO, no Município de SANTA MARIANA, com a finalidade de desenvolver e produzir empreendimento habitacional na linha de atendimento de provisão financiada de unidades habitacionais novas, totalizando 53 unidades habitacionais de forma a ampliar o acesso à moradia.",COHAPAR-Companhia de Habitação do Paraná,,,1.0,68.0,68.0,70.0,,,-0.0,1
23,"Seleção de empresa do ramo da construção civil visando formalização de parceria no âmbito do Programa Minha Casa, Minha Vida recursos do FGTS - Fundo de Garantia de Tempo de Serviço, doravante denominado MCMV - FGTS, e do Programa Casa Fácil PR, doravante denominado CFPR, através da permissão de uso de terreno de propriedade do Município, no Município de SÃO MATEUS DO SUL, com a finalidade de desenvolver e produzir empreendimento habitacional na linha de atendimento de provisão financiada de unidades habitacionais novas, totalizando 60 unidades habitacionais de forma a ampliar o acesso à moradia.",COHAPAR-Companhia de Habitação do Paraná,,,1.0,1.0,4.0,4.0,,,-0.2093915853168945,0
24,"Seleção de empresa do ramo da construção civil visando formalização de parceria no âmbito do Programa Minha Casa, Minha Vida recursos do FGTS - Fundo de Garantia de Tempo de Serviço, doravante denominado MCMV - FGTS, e do Programa Casa Fácil PR, doravante denominado CFPR, através da permissão de uso de terreno de propriedade da COHAPAR, no Município de CHOPINZINHO, com a finalidade de desenvolver e produzir empreendimento habitacional na linha de atendimento de provisão financiada de unidades habitacionais novas, totalizando 51 unidades habitacionais de forma a ampliar o acesso à moradia.",COHAPAR-Companhia de Habitação do Paraná,,,2.0,11.0,43.0,25.0,32.0,,-0.11305763474853919,0
30,"Seleção de empresa do ramo da construção civil visando formalização de parceria no âmbito do Programa Minha Casa, Minha Vida recursos do FGTS - Fundo de Garantia de Tempo de Serviço, doravante denominado MCMV - FGTS, e do Programa Casa Fácil PR, doravante denominado CFPR, através da permissão de uso de terreno de propriedade do MUNICÍPIO, no Município de RESERVA DO IGUAÇU, com a finalidade de desenvolver e produzir empreendimento habitacional na linha de atendimento de provisão financiada de unidades habitacionais novas, totalizando 33 unidades habitacionais de forma a ampliar o acesso à moradia.",COHAPAR-Companhia de Habitação do Paraná,,,,1.0,3.0,3.0,,,-0.17970566400365545,0
31,Conclusão de remanescente de obra com 34 unidades habitacionais e infraestrutura em área localizada no município de SANTA CRUZ DE MONTE CASTELO/PR.,COHAPAR-Companhia de Habitação do Paraná,,,2.0,2.0,6.0,6.0,4.0,,-0.2251976451094424,0
33,"Prestação de serviço de mão de obra especializada em de segurança do trabalho, com as especificações deste Termo de Referência e da legislação vigente",CELEPAR-Companhia de Tecnologia da Informação e Comunicação do Paraná,,,,1.0,10.0,9.0,,,-0.21218230321210835,0
34,"Prestação de serviços de processamento de dados, consultoria e impressão de documentos de cobrança para gestão de contratos de créditos decorrentes de financiamentos habitacionais, concedidos e/ou administrados pela COHAPAR, regidos pelas normas do Sistema Financeiro da Habitação - SFH e/ou Normas, Planos de Financiamentos e Programas Habitacionais da própria COHAPAR e outras funcionalidades e serviços, mediante fornecimento de SISTEMA INTEGRADO DE GESTÃO DE CRÉDITO IMOBILIÁRIO - SIGCI.",COHAPAR-Companhia de Habitação do Paraná,,,1.0,1.0,11.0,11.0,,,-0.17470510469051714,0
35,"Contratação de empresa de engenharia para conclusão de 75 - setenta e cinco - unidades habitacionais, elaboração de projetos executivos, execução de infraestrutura e equipamentos comunitários e praça com todos os seus componentes, em área localizada no município de JANDAIA DO SUL - PR.",COHAPAR-Companhia de Habitação do Paraná,,,1.0,4.0,9.0,7.0,,,-0.19265778199729305,0
38,"Conclusão de obras de pavimentação e sinalização viária, em área localizada no Conjunto Habitacional Primavera - 11ª Etapa, no município de Cruzeiro do Oeste/PR.",COHAPAR-Companhia de Habitação do Paraná,,,9.0,11.0,14.0,14.0,12.0,,-0.17264326727764578,0
44,"Seleção de empresa do ramo da construção civil visando formalização de parceria no âmbito do Programa Minha Casa, Minha Vida recursos do FGTS - Fundo de Garantia de Tempo de Serviço, doravante denominado MCMV - FGTS, e do Programa Casa Fácil PR, doravante denominado CFPR, através da permissão de uso de terreno de propriedade da COHAPAR, no Município de PRANCHITA, com a finalidade de desenvolver e produzir empreendimento habitacional na linha de atendimento de provisão financiada de unidades habitacionais novas, totalizando 22 unidades habitacionais de forma a ampliar o acesso à moradia.",COHAPAR-Companhia de Habitação do Paraná,,,,6.0,14.0,10.0,,,-0.1977798502367099,0
47,"Seleção de empresa do ramo da construção civil visando formalização de parceria no âmbito do Programa Minha Casa, Minha Vida recursos do FGTS - Fundo de Garantia de Tempo de Serviço, doravante denominado MCMV - FGTS, e do Programa Casa Fácil PR, doravante denominado CFPR, através da permissão de uso de terreno de propriedade da COHAPAR, no Município de JAGUARIAÍVA, com a finalidade de desenvolver e produzir empreendimento habitacional na linha de atendimento de provisão financiada de unidades habitacionais novas, totalizando 358 unidades habitacionais de forma a ampliar o acesso à moradia.",COHAPAR-Companhia de Habitação do Paraná,,,,,8.0,8.0,,,-0.2132316138871927,0
50,"Prestação de serviços de LOCAÇÃO DE EQUIPAMENTO MULTIFUNCIONAL PLOTTER COLORIDO, bem como instalação e configuração dos softwares necessários para operação, manutenção preventiva e corretiva, reposição de peças e de todo o material de consumo necessário ao perfeito funcionamento do equipamento, exceto papel.",COHAPAR-Companhia de Habitação do Paraná,,,1.0,15.0,17.0,16.0,71.0,,-0.13936266095184419,0
56,"Contratacao de pessoa juridica para fornecimento de solucao de impressao de grande porte, compreendendo locacao de impressoras monocromaticas, insumos, servicos de instalacao e ativacao, conversão de formularios, manutencao corretiva e preventiva e orientacoes tecnicas de operacao, conforme especificacoes constantes neste Termo de Referencia.",CELEPAR-Companhia de Tecnologia da Informação e Comunicação do Paraná,,,,,5.0,4.0,,,-0.21851328674342607,0
14,Contratação de serviços de instalação e manutenção de aparelhos de ar condicionado da UEL.,UEL-Universidade Estadual de Londrina,,,3.0,72.0,74.0,74.0,,,0.00504263940214833,1
27,"Contratação de serviços de locação de software, equipamentos, instalação e manutenção para sistema de cenário virtual, em estúdio de televisão da E-PARANÁ COMUNICAÇÃO.",EPR-Serviço Social Autônomo E-PARANA COMUNICACAO,,,1.0,1.0,7.0,7.0,,,-0.2220880109932744,0
64,Manutenção ar condicionado bloco administrativo.,UEM-Universidade Estadual de Maringá,,,3.0,4.0,5.0,5.0,,,-0.2232520033965653,0
81,Serviços de reforma de motores de tração de MX620 e g12,FERROESTE-Estrada de Ferro Paraná Oeste S.A.,,,2.0,5.0,7.0,6.0,,,-0.20163376428286023,0
7,"Contratação de empresa especializada na prestação de serviço de Instalação de Sistema Construtivo de Gesso Acartonado DRYWALL e serviços correlatos, com o fornecimento de materiais, sob demanda, para atendimento das demandas institucionais, em conformidade com a gestão estratégica da Unioeste Campus Cascavel, na cidade de Cascavel-Paraná",UNIOESTE REITOR-Universidade Estadual do Oeste do Paraná - Reitoria,,,1.0,9.0,18.0,15.0,7.0,,-0.1978491939287833,0
17,"Aquisição de materiais para pintura, manutenção de bens móveis, imóveis e materiais elétricos.",UEM-Universidade Estadual de Maringá,,,1.0,68.0,68.0,70.0,,,-0.0,1
22,"Contratação de SERVIÇOS DE LIMPEZA, ASSEIO, CONSERVAÇÃO E OUTROS, com seus respectivos insumos, tais como Uniformes-EPIs, Insumos-Materiais e Equipamentos-Ferramentas, por meio da metodologia de contratação por postos trabalho com dedicação exclusiva de mão de obra.",UEM-Universidade Estadual de Maringá,,,1.0,1.0,26.0,3.0,,,-0.11714521932805955,0
27,"Prestação de serviços contínuos, comuns de engenharia sem regime de dedicação exclusiva, de conservação, manutenção preventiva mensal e corretiva conforme demanda, com fornecimento de peças novas, incluindo mão de obra, atendimento 24 - vinte e quatro - horas diárias, equipamentos, materiais de consumo, acessorios e outros componentes indispensáveis à completa execução dos serviços em 2 - dois - elevadores instalados no Departamento de Arquivo Publico do Estado do Paraná - DEAP.",DECON-Departamento de Logística para Contratações Públicas (Antigo DEAM),,,1.0,1.0,7.0,7.0,,,-0.2220880109932744,0
57,A aquisição de materiais elétricos pelo período de doze meses.,JUCEPAR-Junta Comercial do Paraná,,,4.0,9.0,14.0,14.0,,,-0.17547995572895314,0
58,"Prestação de serviço comum de engenharia, continuados, sem regime de dedicação exclusiva,
de mão de obra para o tratamento químico de água das torres de refrigeração do sistema de arcondicionado e caixa de água, e cisterna externa do sistema do hidrante com fornecimento de
produtos químicos, mão de obra e análise dos parâmetros físico-químicos de água",DECON-Departamento de Logística para Contratações Públicas (Antigo DEAM),,,,,43.0,41.0,,,0.061649428858762234,1
64,"Contratação de empresa especializada para a prestação de serviços continuados de manutenção preventiva e corretiva de equipamentos de ar condicionado, com o fornecimento de peças, material, insumos e mão de obra necessários à completa execução dos serviços, de forma a atender a demanda de repartições administrativas da Receita Estadual do Paraná, pelo período de 12 meses.",REPR-Receita Estadual do Paraná (Antigo CRE),,,3.0,4.0,5.0,5.0,,,-0.2232520033965653,0
65,FORNECIMENTO DE MATERIAIS E EQUIPAMENTOS PARA MANUTENÇÃO DIVERSAS,UEL-Universidade Estadual de Londrina,,,,,17.0,17.0,,,-0.1910446296582104,0
83,"CONTRATAÇÃO DE EMPRESA PRESTADORA DE SERVIÇO NA ÁREA DE ENGENHARIA CLÍNICA, COMPREENDO MANUTENÇÃO PREVENTIVA, CORRETIVA, PREDITIVA E ASSESSORIA TÉCNICA, PARA ATENDER O HOSPITAL UNIVERSITÁRIO DE LONDRINA.",UEL-Universidade Estadual de Londrina,,,1.0,4.0,3.0,5.0,,,-0.21526817306593177,0
84,"Contratação de empresa especializada na prestação de serviços contínuos de limpeza,
asseio, conservação e outros com dedicação exclusiva de mão de obra e serviços
contínuos acessórios sem dedicação exclusiva de mão de obra - Facilities, com
fornecimento de materiais, equipamentos e insumos, no complexo da Assembleia
Legislativa do Paraná e suas dependências, conforme especificações e quantitativos
descritos no Anexo I.",ALEP-Assembleia Legislativa do Estado do Paraná,,,,,43.0,9.0,,,-0.18962308341520234,0
90,FORNECIMENTO DE SUPRIMENTOS ELÉTRICOS.,UEL-Universidade Estadual de Londrina,,,,,28.0,28.0,,,-0.15989049544358824,0
98,"Prestação de serviços de manutenção preventiva e corretiva, com fornecimento
de peças e acessórios, para equipamentos agrícolas pertencentes a UNIOESTE, Campus de
Marechal Cândido Rondon",UNIOESTE MCROND-Universidade Estadual do Oeste do Paraná - Campus Marechal Cândido Rondon,,,1.0,1.0,2.0,1.0,,,-0.20375210685676126,0
122,"Contratação de empresa especializada para prestação de serviço de manutenção preventiva, corretiva e assistência técnica nos elevadores e plataformas elevatórias das unidades da UENP, com o fornecimento de peças por demanda.",UENP-Universidade Estadual do Norte do Paraná,,,1.0,6.0,13.0,6.0,,,-0.19466326766890563,0
123,"Registro de Preços, pelo período de 1 ano, podendo ser prorrogado por igual período, desde que comprovado o preço vantajoso, para futura e eventual aquisição de materiais elétricos para atender a demanda da UNIOESTE Campus Cascavel",UNIOESTE REITOR-Universidade Estadual do Oeste do Paraná - Reitoria,,,,,90.0,90.0,356.0,,0.0038623094638907673,1
129,"Contratação de empresa especializada para prestação de serviços de engenharia para Reparos no Centro Logístico Estadual da Defesa Civil, com área de 1.823,54 m2, situado à rua Sergipe n.o 1712, bairro Guaíra, no município de Curitiba.",SECID-Secretaria de Estado das Cidades (Antigo SEDU),,,2.0,1.0,1.0,1.0,,,-0.21452368451207982,0
132,"Registro de Preços, pelo período de 1 um ano, podendo ser prorrogado por igual período, desde que comprovado o preço vantajoso, para futura e eventual aquisição de materiais elétricos para atender a demanda da UNIOESTE Campus Cascavel.",UNIOESTE REITOR-Universidade Estadual do Oeste do Paraná - Reitoria,,,,77.0,95.0,95.0,363.0,,0.07441641962570522,1
140,"Contratação de empresa especializada para execução dos serviços comuns de engenharia para reconstrução de um muro e concerto parcial do telhado a fim de atender a necessidade do Escritório Regional de Maringá, localizado na Rua Rubens Sebastião Marin, 1346, conforme planilha orçamentária de referência constante no Anexo XIII.",IDR-Instituto de Desenvolvimento Rural do Paraná - IAPAR-EMATER,,,,,1.0,1.0,,,-0.22711557393614246,0
142,"CONTRATAÇÃO DE EMPRESA PARA PRESTAÇÃO DE SERVIÇOS DE MANUTENÇÃO, FORNECIMENTO DE PEÇAS E INSTALAÇÃO DE PROJETORES DE MULTIMÍDIA.",UEL-Universidade Estadual de Londrina,,,1.0,1.0,3.0,1.0,,,-0.22071093879605036,0
146,"CONTRATAÇÃO DE EMPRESA PARA PRESTAÇÃO DE SERVIÇOS DE MANUTENÇÃO CORRETIVA DE INFRAESTRUTURA NO SISTEMA DE VIDEOMONITORAMENTO, COM FORNECIMENTO DE PEÇAS.",UEL-Universidade Estadual de Londrina,,,1.0,1.0,2.0,1.0,,,-0.22131246884459643,0
149,"Contratação de Serviços de Engenharia para desmontagem do conjunto da estrutura metálica utilizada para estacionamento coberto de veículos, incluindo descarte em local apropriado, localizado na Superintendência Regional Norte do Departamento de Estradas de Rodagem do Paraná, sito à Rua Uruguai, 943, Centro, município de Londrina, Paraná.",DER-Departamento de Estradas de Rodagem do Estado do Paraná,,,,,1.0,1.0,,,-0.22815894036715573,0
152,"Contratação de empresa especializada em serviços de solução de pagamento por meio
eletrônico, que realize captura, roteamento, transmissão e processamento de transações
financeiras no recebimento por cartão de débito, com aceitação mínima das Visa Electron,
Mastercard Maestro para emprego na cobrança de tarifa pela travessia marítima da baía de
Guaratuba, operada pelo DER-PR.",DER-Departamento de Estradas de Rodagem do Estado do Paraná,,,1.0,1.0,1.0,1.0,,,-0.21194674024130844,0
157,Contratação de empresa especializada para execução dos serviços de engenharia de Desassoreamento do canal do Rio Pery.,IAT-Instituto Água e Terra (Antigo IAP),,,1.0,1.0,1.0,1.0,,,-0.1458353861047339,0
174,"Registro de Preços, por um período de 1 ano, podendo ser prorrogado por igual periodo, desde que comprovado o preço vantajoso, para futura e eventual contratação de empresa especializada no fornecimento e instalação do sistema de piso modular esportivo de polipropileno, destinado tanto a áreas externas |outdoor|  quanto internas |indoor|, compreendendo elementos como rampas de acabamento, cantoneiras, linhas demarcatórias de modalidades |futsal, basquete, vôlei, handebol|, furos para os mastros de vôlei, mão de obra de instalação, fretes e demais encargos. A prestação dos serviços abrangerá 480.000m2 |quatrocentos e oitenta mil metros quadrados| de piso a serem instalados em quadras já existentes, distribuídas em diversas unidades escolares nos municípios do Estado do Paraná, divididos em dez lotes.",FUNDEPAR-Instituto Paranaense de Desenvolvimento Educacional,,,,,10.0,10.0,10.0,,-0.07473097777895532,0
181,"CONTRATAÇÃO DE SERVIÇOS DE CONFECÇÃO E/OU INSTALAÇÃO E/OU MANUTENÇÃO DE PORTAS DE CORRER E/OU JANELAS, COM FORNECIMENTO DE MATERIAL E RETIRADA DE BATENTE E ESQUADRIAS METÁLICAS SEM REAPROVEITAMENTO, PARA ATENDER O HOSPITAL UNIVERSITÁRIO DE LONDRINA.",UEL-Universidade Estadual de Londrina,,,1.0,3.0,3.0,3.0,,,-0.22218247341489877,0
182,"Registro de Preços, pelo período de 1 ano, podendo ser prorrogado por igual período, desde que comprovado o preço vantajoso, para futura e eventual aquisição de materiais elétricos para atender a demanda da UNIOESTE",UNIOESTE REITOR-Universidade Estadual do Oeste do Paraná - Reitoria,,,,62.0,62.0,62.0,206.0,,-0.019343486706473012,0
189,"Contratação de empresa especializada para a prestação de serviços de manutenção preventiva e corretiva nos sistemas de climatização e aparelhos de ar condicionado, instalação e desinstalação, com reposição de peças, acessórios, gás e outros componentes, para atender a demanda das Unidades Administrativas da Agência de Defesa Agropecuária do Paraná - Adapar, localizadas nos municípios do Estado do Paraná",ADAPAR-Agência de Defesa Agropecuária do Paraná,,,3.0,6.0,12.0,6.0,,,-0.20665519989497905,0
211,"AQUISIÇÃO DE BALANÇA ELETRÔNICA DE PRECISÃO, BALANÇA ANALÍTICA, BALANÇA ELETRÔNICA DIGITAL COM RÉGUA, LINHA INDUSTRIAL, QUADRADA DE PISO, PEDIÁTRICA, COMPASSO PARA MEDIR DOBRAS CUTÂNEAS E ESTADIÔMETRO/RÉGUA ANTROPOMÉTRICA NEONATAL, PARA ATENDER A PCU-UEL E HOSPITAL UNIVERSITÁRIO DE LONDRINA.",UEL-Universidade Estadual de Londrina,,,,8.0,8.0,9.0,,,-0.1945302411529607,0
219,Registro de preço para futura e eventual aquisição de Insumos para confecção de mobiliário Hospitalar para atender a demanda do setor de Manutenção Eletromecânica e Predial do Hospital Universitário do Oeste do Paraná - HUOP.,UNIOESTE REITOR-Universidade Estadual do Oeste do Paraná - Reitoria,,,,28.0,53.0,12.0,53.0,,-0.10610018739505261,0
222,"Contratação de empresa para a prestação de serviços com o fornecimento de estrutura de tendas para evento Expolondrina 2025, com área total de 400,00 metros quadrador, bem como a instalação da estrutura elétrica necessária, climatização, mobiliário, iluminação, itens decorativos, fornecimento de projeto elétrico com aterramento, projeto de prevenção de incêndio e demais serviços necessários para a execução do objeto.",UEL-Universidade Estadual de Londrina,,,1.0,1.0,1.0,1.0,,,-0.21959708810029527,0
234,"Contratação de empresa especializada para a prestação de serviços comuns de engenharia referentes a reparos no Escritório Regional Centro-Oeste do Departamento de Estradas de Rodagem do Estado do Paraná - DER PR, com área de 13.279,50 m2, localizado na Avenida Manoel Ribas, n.º 2699, no município de Guarapuava, Paraná, CEP 85.010-180.",DER-Departamento de Estradas de Rodagem do Estado do Paraná,,,,,1.0,1.0,,,-0.22476702908476298,0
241,"Contratação dos serviços de execução, fornecimento e instalação de bueiro tubular metálico, localizado na PR-436, km 56,900, no município de Ribeirão do Pinhal/PR, conforme estabelecido no Termo de Referência, Projeto Executivo de Engenharia e Planilha Orçamentária de Referência, partes integrantes do Edital.",DER-Departamento de Estradas de Rodagem do Estado do Paraná,,,1.0,1.0,1.0,1.0,,,-0.20501869963640035,0
243,"Contratação de serviços contínuos de manutenção predial preventiva e corretiva, incluídas as redes elétrica, hidrossanitária e lógica, com execução sob demanda, em conformidade com as normas regulamentares vigentes, contemplando o fornecimento de mão de obra sem regime de dedicação exclusiva e de todo o material, ferramentas e equipamentos necessários à completa execução dos serviços, para atender às demandas da Agência Reguladora de Serviços Públicos Delegados do Paraná Agepar, conforme especificações constantes no Edital e seus anexos",AGEPAR-Agência Reguladora de Serviços Públicos Delegados do Paraná,,,1.0,1.0,1.0,1.0,,,-0.2237726036482311,0
244,CONTRATAÇÃO DE EMPRESA PARA SERVIÇO DE MANUTENÇÃO PREVENTIVA E CORRETIVA EM DIVERSOS GERADORES INSTALADOS NO CAMPUS E HOSPITAL UNIVERSITÁRIO.,UEL-Universidade Estadual de Londrina,,,2.0,7.0,7.0,7.0,,,-0.19845778543773518,0
246,"Contratação de empresa especializada em prestação de serviços para reforma no telhado do Bloco 027, com fornecimento de materiais e de todos os equipamentos e produtos necessários à execução dos serviços, localizado na Avenida Colombo, 5790, Zona 07, no Município de Maringá, Paraná, conforme planilha orçamentária de referência constantes no Anexo IX",UEM-Universidade Estadual de Maringá,,,1.0,1.0,1.0,1.0,,,-0.22331490033301726,0
257,Aquisição de materiais para manutenção de bens imóveis,UEM-Universidade Estadual de Maringá,,,,41.0,44.0,44.0,,,-0.05496124104233613,0
276,"Aquisição de concreto usinado para construção de uma trincheira, e rolo de lona de silagem, dupla face, para armazenamento da silagem utilizada na alimentação dos animais de produção da Fazenda Escola da Universidade estadual do Norte do Paraná, Campus Luiz Meneghel/Bandeirantes.",UENP-Universidade Estadual do Norte do Paraná,,,1.0,1.0,2.0,2.0,,,-0.19849301382891132,0
283,"Prestação de Serviços de Manutenção Preventiva e Corretiva de três Elevadores e duas Plataformas,
instalados na sede do Hospital da Polícia Militar do Paraná e no Laboratório com o fornecimento de peças, acessórios e insumos, conforme especificações estabelecidas no Termo de referência",SESP-Secretaria de Estado da Segurança Pública,,,,,4.0,4.0,,,-0.21852234066967047,0
291,"Contratação de Empresa para a Prestação de Serviços Comuns de Engenharia Referentes a Reparos no Edifício Sede do DER  Estacionamentos Externos, em Curitiba, com área aproximada de 3544,00 m.",DER-Departamento de Estradas de Rodagem do Estado do Paraná,,,1.0,1.0,1.0,1.0,,,-0.2014830062061148,0
294,"Formação de registro de preços para contratação de empresa especializada na prestação de serviços de reforma de sofás, poltronas e cadeiras de escritório, com fornecimento de materiais específicos destinados aos reparos dos bens móveis pertencentes à Assembleia Legislativa do Estado do Paraná, bem como de empresa especializada no fornecimento de peças de pistão de cadeiras de escritório, conforme condições, quantidades e exigências definidas no Termo de Referência.",ALEP-Assembleia Legislativa do Estado do Paraná,,,1.0,1.0,36.0,1.0,36.0,,-0.18266900351503035,0
300,"Registro de Preços, por um período de 1 ano, podendo ser prorrogado por igual período, para futura e eventual aquisição de Material de Consumo e Manutenção para atender a demanda da Unioeste - Campus de Marechal Cândido Rondon-PR e os Campi de Toledo, Foz do Iguaçu, Cascavel e a Reitoria.",UNIOESTE REITOR-Universidade Estadual do Oeste do Paraná - Reitoria,,,,105.0,106.0,106.0,425.0,,0.1090112987647801,1
306,"Aquisição de materiais elétricos, de serralheria, de pintura, para manutenção de bens imóveis e fio de nylon, pilha alcalina e ribbon.",UEM-Universidade Estadual de Maringá,,,,46.0,56.0,56.0,,,-0.02471002042689996,0
313,"A presente licitação tem por objeto a prestação de serviços de manutenção preventiva, desinstalação e instalação de aparelhos de ar condicionado, incluindo fornecimento de materiais, equipamentos, ferramentas e mão de obra para atender a demanda da reitoria e dos campi da Universidade Estadual do Paraná, conforme especificações estabelecidas neste instrumento e seus anexos.",UNESPAR-Universidade Estadual do Paraná,,,,,33.0,9.0,,,-0.19808856439893746,0
314,"Abertura de procedimento licitatório para a contratação de empresa para o fornecimento e instalação de divisórias e portas em MDF com isolamento acústico, piso vinílico e rodapés. Forro de fibra mineral, componentes elétricos, conduítes, tomadas e interruptores, incluindo materiais necessários e mão de obra, bem como a desmontagem e remoção da estrutura de divisórias, piso e forro",PRPREV-Serviço Social Autônomo PARANAPREVIDENCIA,,,1.0,1.0,1.0,1.0,,,-0.21235593208469933,0
317,MANUTENÇÃO PREVENTIVA E CORRETIVA PARA PORTA CORTA FOGO,FUNEAS-Fundação Estatal de Atenção em Saúde do Estado do Paraná,,,1.0,1.0,1.0,1.0,,,-0.21420397382095618,0
332,AQUISIÇÃO DE PEÇAS PARA MANUTENÇÃO DE APARELHOS CONDICIONADORES DE AR,UEM-Universidade Estadual de Maringá,,,,12.0,12.0,12.0,,,-0.1576024555672631,0
335,"Contratação de empresa especializada, para prestação de serviço de Controle de Pragas e Vetores, Dedetização e Desratização com fornecimento de mão-de-obra e matéria-prima.",UNIOESTE TOLEDO-Universidade Estadual do Oeste do Paraná - Campus Toledo,,,1.0,1.0,1.0,1.0,,,-0.21826784613678762,0
363,"Contratação de empresa especializada em serviços de Engenharia de Segurança e Medicina do
Trabalho, para realizar as atividades de planejamento, elaboração, implantação e atualização dos
Serviços Especializados em Segurança e Medicina do Trabalho - SESMT.",ALEP-Assembleia Legislativa do Estado do Paraná,,,,,1.0,1.0,,,-0.2273544271736367,0
367,"Contratação de empresa especializada e homologada junto à Agência Nacional de Aviação Civil ANAC, para ministrar curso prático de piloto comercial de helicóptero, curso teórico de instrutor de voo de helicóptero, curso prático de instrutor de voo de helicóptero, curso teórico de instrutor de voo de avião, curso prático de instrutor de voo de avião e horas de voo para treinamento em aeronave de asa fixa monomotor e multimotor, para atender demanda do Grupamento de Operações Aéreas da Polícia Civil do Paraná GOA/PCPR.",SESP-Secretaria de Estado da Segurança Pública,,,,,7.0,5.0,,,-0.21116850633005474,0
371,"Contratação de empresa especializada para o serviço de confecção e instalação de guarda corpos e corrimãos em aço inox com pintura epóxi preta fosca, bem como para o remanejamento,retirada
e montagem de guarda corpo na mureta externa, além do fornecimento de material
e mão de obra, no Centro Previdenciário de Curitiba  Blocos A e B",PRPREV-Serviço Social Autônomo PARANAPREVIDENCIA,,,2.0,1.0,1.0,1.0,,,-0.22589002770261551,0
374,"Aquisiçao de motores eletricos, materiais e serviço para os portoes das dependencias da Unioeste Campus de Marechal Candido Rondon.",UNIOESTE MCROND-Universidade Estadual do Oeste do Paraná - Campus Marechal Cândido Rondon,,,1.0,1.0,4.0,1.0,,,-0.21675825443054425,0
379,"Contratação de empresa especializada em assistência técnica e manutenção preventiva e corretiva para central de ar comprimido, vácuo clínico e rede de gases para atender a demanda do Complexo Hospitalar da UEPG",UEPG-HURCG-Hospital Universitário Regional dos Campos Gerais,,,1.0,1.0,1.0,1.0,,,-0.2226778407343747,0
382,Prestação de serviços continuados de manutenção preventiva e corretiva de equipamentos odontológicos e periféricos com fornecimento de peças e mão-de-obra.,UEM-Universidade Estadual de Maringá,,,1.0,5.0,5.0,5.0,,,-0.19974613419895448,0
386,"AQUISIÇÃO DE FRITADEIRA ELÉTRICA, EXTRATOR DE SUCO INDUSTRIAL, PROCESSADOR DE ALIMENTOS PARA COZINHA INDUSTRIAL, FORNO COMBINADO ELETRICO, DESCASCADOR DE LEGUMES, PASS THROUGH AQUECIDO, PASS THROUGH REFRIGERADO VERTICAL, CARRO PARA TRANSPORTE E LIQUIDIFICADOR INDUSTRIAL PARA ATENDER O HOSPITAL UNIVERSITÁRIO DE LONDRINA.",UEL-Universidade Estadual de Londrina,,,,,10.0,10.0,,,-0.20482042683669427,0
389,"Contratação de serviços comuns de engenharia para substituição do telhado do Bloco F do Câmpus Santa Cruz da Unicentro, com recursos próprios.",UNICENTRO-Universidade Estadual do Centro-Oeste,,,1.0,1.0,1.0,1.0,,,-0.2286980804792917,0
390,"Empresa especializada para realizar Manutenção do Sistema Elétrico do HU-UEPG, AME e HUMAI.",UEPG-HURCG-Hospital Universitário Regional dos Campos Gerais,,,1.0,1.0,1.0,1.0,,,-0.22000886893461258,0
445,Contratação de empresa especializada para a prestação de serviços de manutenção preventiva e corretiva em elevadores e plataformas das Unidades Administrativas da Universidade Estadual do Oeste do Paraná.,UNIOESTE REITOR-Universidade Estadual do Oeste do Paraná - Reitoria,,,,,1.0,1.0,,,-0.2263294091490594,0
447,"Contratação de empresa especializada para execução dos serviços comuns de engenharia de adequações e ampliações nas instalações sanitárias do edifício-sede do IDR-Paraná, no endereço Rua da Bandeira 500, no município de Curitiba, Paraná, conforme planilha orçamentária de referência constante no Anexo XIII.",IDR-Instituto de Desenvolvimento Rural do Paraná - IAPAR-EMATER,,,,1.0,1.0,1.0,,,-0.20590101521095355,0
448,"A presente licitação tem por objeto a CONTRATAÇÃO DE EMPRESA ESPECIALIZADA E QUALIFICADA PARA A PRESTAÇÃO DE SERVIÇOS DE MANUTENÇÃO PREVENTIVA, CORRETIVA E CALIBRAÇÃO EM TERMÔMETROS, TERMO-HIGRÔMETROS E ESFIGMOMANÔMETROS, PARA ATENDER A DEMANDA DO HOSPITAL REGIONAL DO LITORAL",FUNEAS-Fundação Estatal de Atenção em Saúde do Estado do Paraná,,,2.0,12.0,12.0,12.0,,,-0.18002150500609887,0
453,"A presente licitação tem por objeto a  Prestação de serviço contínuos de LOCAÇÃO DE EQUIPAMENTOS COM FORNECIMENTO contínuo DE INSUMO, incluindo prestação de serviços especializados de calibração, manutenção preventiva e corretiva, para atender às necessidades do  HEMOCENTRO COORDENADOR DO PARANÁ E UNIDADES DA HEMORREDE ESTADUAL",SESA-FUNSAUDE-Fundo Estadual de Saúde do Paraná - FUNSAUDE,,,,,4.0,1.0,,,-0.155110622437731,0
455,Prestação de serviço de Manutenção Preventiva e Corretiva do Equipamento Analyzer para atender a demanda do Lacen PR.,SESA-FUNSAUDE-Fundo Estadual de Saúde do Paraná - FUNSAUDE,,,,,1.0,1.0,,,-0.22120766864477093,0
457,"CONTRATAÇÃO DE SERVIÇOS DE MANUTENÇÃO PREVENTIVA E CORRETIVA, COM FORNECIMENTO DE PEÇAS, PARA EQUIPAMENTOS DA LAVANDERIA DO HOSPITAL UNVIERSITÁRIO HU-UEL, PELO PERÍODO DE 12 DOZE MESES.",UEL-Universidade Estadual de Londrina,,,1.0,9.0,9.0,9.0,,,-0.19391404990998123,0
478,Contratação de serviços de terceirização de mão de obra para prestação de serviços de auxiliar de farmácia com certificado de técnico em farmácia para atender a demanda do complexo hospitalar da Universidade Estadual de Ponta Grossa,UEPG-HURCG-Hospital Universitário Regional dos Campos Gerais,,,,,3.0,3.0,,,-0.21967998581610237,0
482,"Contratacao de Escola de Aviacao Civil para ministrar sob demanda curso de voo por instrumentos na categoria helicoptero com objetivo de habilitar 04 pilotos da Divisao de Transporte Aereo da Casa Militar do Parana  DTA.

ATENCAO Processo criado para correção no sistema GMS do lançamento do Preaoo Eletronico 24/2025.  Inserido equivocadamente no sistema em campo destinado a criacao de processo regido pela antiga Lei de Licitacoes. A licitacao correu através do número 90024 de 2025 publicado no PNCP no dia 11/03/2025 com realizacao da disputa no dia 28/03/2025.",CASA MILITAR-Casa Militar do Estado do Paraná,,,1.0,1.0,1.0,1.0,,,-0.2229344651636197,0
493,"Execução de sistema de drenagem para captação e condução de água, considerando duas linhas de BSTC, com diâmetro 1,20m e outra com diâmetro de 0,60m, caixa de passagem, boca de bueiro e dissipador de energia, totalizando 558 metros de extensão, na Rodovia Estadual PR-916, Km 0,400 e Km 0,900 no Município de Pato Branco/PR, conforme estabelecido no Termo de Referência, Projeto Básico de Engenharia e Planilha Orçamentária de referência, partes integrantes do Edital.",DER-Departamento de Estradas de Rodagem do Estado do Paraná,,,,1.0,1.0,1.0,,,-0.20148356122320532,0
496,Aquisição de Bicicletas elétricas para atender a demanda do Corpo de Bombeiros Militar.,CBMPR-Corpo de Bombeiros Militar do Paraná (Antigo PMPR-CCB),,,,,1.0,1.0,,,-0.22553540961712926,0
529,"Contratação de empresa para a execução do serviço de manutenção dos telhados das unidades do Campus de Jacarezinho, com rufos, calhas, fornecimento de material e impermeabilização de estruturas.",UENP-Universidade Estadual do Norte do Paraná,,,1.0,1.0,12.0,1.0,,,-0.21685497066398524,0
533,Contratação de empresa especializada para prestação de serviços de solução de outsourcing de impressão incluindo locação de impressoras e fornecimento de insumos sem dedicação exclusiva de mão de obra e com vigência de 60 sessenta meses.,TCEPR-Tribunal do Contas do Estado do Paraná,,,2.0,2.0,8.0,2.0,,,-0.19198971511284224,0
538,"Aquisição de materiais elétricos para atender a demanda do Instituto de Desenvolvimento Rural do Paraná - IAPAR - EMATER, conforme especificações técnicas do termo de referência",IDR-Instituto de Desenvolvimento Rural do Paraná - IAPAR-EMATER,,,,,37.0,37.0,,,-0.13774536466929954,0
545,"Prestação de serviços continuados de empresa especializada em fornecimento de peças, componentes eletrônicos e mão de obra para prestação de serviços continuados de manutenção preventiva e corretiva com cobertura total de peças e componentes eletrônicos em 26 elevadores e 11 plataformas elevatórias verticais nas dependências da Universidade Estadual de Maringá - Campus Sede e HU.",UEM-Universidade Estadual de Maringá,,,1.0,37.0,37.0,37.0,,,-0.05701586114867374,0
567,"PRESTAÇÃO DE SERVIÇOS CONTINUADOS DE MANUTENÇÃO PREVENTIVA E CORRETIVA DE ELEVADORES E PLATAFORMAS, INCLUINDO REPOSIÇÃO/FORNECIMENTO/SUBSTITUIÇÃO DE PEÇAS E ACESSÓRIOS",FUNEAS-Fundação Estatal de Atenção em Saúde do Estado do Paraná,,,2.0,2.0,7.0,2.0,,,-0.23099614029964466,0
595,"Contratação de empresa especializada para execução dos serviços de engenharia para SUBSTITUIÇÃO DO SISTEMA DE AQUECIMENTO DO BLOCO DA PISCINA, da Universidade Estadual de Ponta Grosa - UEPG, no endereço Avenida Carlos Cavalcanti, 4748 - Uvaranas, no município de Ponta Grossa - Paraná, Coordenadas Geográficas latitude -25,089985º e longitude -50,099149º, conforme planilha orçamentária de referência constante no Anexo XIII.",UEPG-Universidade Estadual de Ponta Grossa,,,,,1.0,1.0,,,-0.23165575547857908,0
608,"AUDITORIA, FATURAMENTO HOSPITALAR E ORGANIZAÇÃO HOSPITALAR, com ênfase nos serviços de monitoração, acompanhamento e orientações para o faturamento Hospitalar SUS, com indicadores de faturamento, com foco na melhoria das informações no âmbito dos sistemas SIH, BPASIA, APAC, FPO e SCNES, em todos os componentes de serviços hospitalares e ambulatoriais de Média e Alta Complexidade, trazendo benefícios e agilidade nos processos, para as unidades integrantes da Fundação Estatal de Atenção em Saúde do Paraná FUNEAS, utilizando-se de mão de obra qualificada e tecnologia machine learning, que entregam ferramentas de desenvolvimentos de programação e de recursos humanos qualificados para otimização e maximização de soluções para implantação e implementação do projeto mapa de riscos de processos e desenvolvimento de plano de ação conforme demanda gerada pela contratante, por processo Licitatório, pelo período de 24 vinte e quatro meses",FUNEAS-Fundação Estatal de Atenção em Saúde do Estado do Paraná,,,,1.0,1.0,1.0,,,-0.10540961323413556,0
621,"Aquisicao de 3 tres cafeteiras eletricas e 30 trinta coadores com a cafeteira, para atender a demanda da SEED  Secretaria de Estado da Educacao do Parana",SEED-Secretaria de Estado da Educação,,,,1.0,2.0,1.0,,,-0.20410714549875453,0
622,"Contratação de empresa especializada para prestação de serviços de solução de outsourcing de impressão, incluindo locação de impressoras e fornecimento de insumos, sem dedicação exclusiva de mão de obra e com vigência de sessenta meses.",TCEPR-Tribunal do Contas do Estado do Paraná,,,1.0,,1.0,1.0,,,-0.21335796164981308,0
675,Contratação de empresa especializada para prestação de serviços de manutenção preventiva e corretiva nos sistemas de climatização.,UEPG-HURCG-Hospital Universitário Regional dos Campos Gerais,,,,,1.0,1.0,,,-0.23210649043290837,0
676,Aquisição de materiais elétricos para atendimento das demandas da UENP.,UENP-Universidade Estadual do Norte do Paraná,,,4.0,5.0,71.0,5.0,,,-0.11388497089182903,0
700,"Contratação de empresa especializada para remoção, fornecimento e instalação de piso e manutenção corretiva da porta da sala de ressonância magnética do Hospital Universitário Regional dos Campos Gerais",UEPG-HURCG-Hospital Universitário Regional dos Campos Gerais,,,1.0,1.0,2.0,2.0,,,-0.21998113686445042,0
705,"Contratação de empresa especializada na prestação de serviços de manutenção preventiva e corretiva, com fornecimento de peças, acessórios e mão de obra para equipamentos a combustão e elétricos.",UNIOESTE MCROND-Universidade Estadual do Oeste do Paraná - Campus Marechal Cândido Rondon,,,1.0,2.0,4.0,2.0,,,-0.1966151255608677,0
706,"A presente licitação tem por objeto a aquisição de eletrodomésticos e eletroeletrônicos, como máquinas de lavar roupas, secadoras de roupas, geladeiras, fogões industriais, micro-ondas, caixa de som com microfone, freezer horizontal, batedeiras, liquidificadores e fornos elétricos",SEDEF-Secretaria de Estado do Desenvolvimento Social e Família,,,,,20.0,20.0,,,-0.16576378561094174,0
713,"Contratação de empresa especializada para fornecimento e instalação de janelas 
sistema maxim-ar esquadrias em alumínio completas instalação e substituição de vidros 
fumê 6 mm substituição de janelas esquadria de alumínio de janelas fixas, com ou sem 
retirada de aparelho de ar condicionado fornecimento e instalação de portas de vidro 10 
mm, em duas folhas pivotantes com molas hidráulicas, incluindo retirada da porta 
existente, através de Registro de Preço.",PRPREV-Serviço Social Autônomo PARANAPREVIDENCIA,,,1.0,2.0,4.0,2.0,4.0,,-0.22534711608216512,0
728,Locação de purificador de água com manutenção para atender as demandas do complexo hospitalar HURCG,UEPG-HURCG-Hospital Universitário Regional dos Campos Gerais,,,1.0,1.0,1.0,1.0,,,-0.2215809134634718,0
732,"Registro de Preços, pelo período de 1 um ano, podendo ser prorrogado por igual período, desde que comprovado o preço vantajoso, para futura e eventual aquisição de suplementos nutricionais novos, destinados à manutenção de atendimento de pacientes acolhidos por força de ordens judiciais",SESA-Secretaria de Estado da Saúde,,,,,21.0,21.0,21.0,,-0.1448869331885762,0
736,"Aquisição de cadeiras fixas e carrinhos de transporte, visando atender as necessidades desta Casa Civil.",CASA CIVIL-Casa Civil do Estado do Paraná,,,,1.0,3.0,1.0,,,-0.22027667038809784,0
741,"Aquisição de equipamentos para os laboratórios dos Curso Técnico de Edificações, Curso Técnico de Eletrônica, Cursos Técnico de Manutenção Automotiva. Curso Técnico de Eletroeletrônica. e Curso Técnico de Mecânica para atender a demanda do CEEP de Curitiba.",SEED-Secretaria de Estado da Educação,,,,,6.0,1.0,,,-0.2236781160330759,0
746,"Contratação de empresa para manutenção preventiva/ corretiva com fornecimento de acessórios para os equipamentos de Osmose Reversa Portátil, patrimônios da Instituição, para atender a demanda do Hospital Universitário do Oeste do Paraná - HUOP.",UNIOESTE HUOP-Universidade Estadual do Oeste do Paraná - Hospital Universitário do Oeste do Paraná,,,1.0,1.0,2.0,1.0,,,-0.22040393591052276,0
748,"Contratação de empresa especializada para a prestação de Serviço de Manutenção Preventiva e Corretiva de Extintores de PQS, CO2, AP, ABC e Mangueiras de Incêndio com substituição de componentes, quando estimado no lote, para atender o Edifício Sede e demais unidades do Departamento de Estradas de Rodagem  DER/PR inclusive o Termo de Referência.",DER-Departamento de Estradas de Rodagem do Estado do Paraná,,,1.0,7.0,57.0,6.0,,,-0.1489258720099338,0
765,"Aquisição de materiais elétricos para atender a demanda do Instituto de Desenvolvimento Rural do Paraná - IAPAR - EMATER, conforme especificações técnicas do termo de referência",IDR-Instituto de Desenvolvimento Rural do Paraná - IAPAR-EMATER,,,,,37.0,37.0,,,-0.13774536466929954,0
768,"Contratação de empresa especializada para fornecimento e instalação de persianas modelos horizontal em alumínio 25mm horizontal em alumínio 50mm e cortina rolô tela solar 3 porcento screen, com bandô incluindo mão de obra, materiais e todos os acessórios e equipamentos necessários, para o controle da insolação direta em ambientes do Centro Previdenciário de Curitiba e demais imóveis administrados pela PARANAPREVIDÊNCIA,",PRPREV-Serviço Social Autônomo PARANAPREVIDENCIA,,,1.0,1.0,1.0,1.0,,,-0.22695639553442787,0
772,"Prestação de serviços de hidrojateamento das tubulações de esgoto, limpeza de fossa, limpeza de prumadas de ralo para atender a demanda do Manutenção Eletromecânica e Predial do Hospital Universitário do Oeste do Paraná - HUOP.",UNIOESTE HUOP-Universidade Estadual do Oeste do Paraná - Hospital Universitário do Oeste do Paraná,,,,,6.0,2.0,,,-0.23019472822927356,0
795,"Contratação de empresa especializada e homologada junto a Agência Nacional de Aviação Civil
ANAC, com o objetivo de prestar serviço pintura, atualização do sistema de comunicação das
aeronaves, com aquisição e instalação de rádio policial e de manutenção aeronáutica preventiva e
corretiva, com fornecimento de peças e demais itens necessários a manter a aeronavegabilidade e
operação dos 03 três helicópteros Robinson R66, matrículas PS-EPH, PS-HCJ e PS-HLT, dividido
em 03 três lotes, pertencentes ao Batalhão de Polícia Militar de Operações Aéreas, de acordo com
o manual de manutenção da aeronave, para uma programação de 2.400 horas voadas cada
aeronave, por 5 anos e/ou 60 meses.",SESP-Secretaria de Estado da Segurança Pública,,,,3.0,3.0,3.0,,,-0.14213425189361745,0
798,"AQUISIÇÃO DE MICROSCÓPIOS ESTEREOSCÓPICOS TRINOCULARES PARA USO DIDÁTICO PELO DEPARTAMENTO DE ENGENHARIA AMBIENTAL DA UNICENTRO, COM RECURSOS PRÓPRIOS.",UNICENTRO-Universidade Estadual do Centro-Oeste,,,,,1.0,1.0,,,-0.21667060528033327,0
802,"Locação de 02, dois equipamentos de dosagem automática para tratamento físico-químico da água que abastece as caldeiras a vapor, coleta, análise, fornecimento de produtos para tratamento e manutenções preventivas e corretivas para atender o Hospital Universitário de Londrina.",UEL-Universidade Estadual de Londrina,,,1.0,1.0,1.0,1.0,,,-0.19728385416499628,0
804,"presente licitação tem por objeto o FORNECIMENTO DE MÃO DE OBRA E OMPONENTES PARA  MONTAGEM DE PAINEL ELÉTRICO DE ACIONAMENTO E AUTOMAÇÃO E INSTALAÇÃO ELÉTRICA  GERAL DOS CONTROLADORES MULTITHERM MSA 300, para atendimento à demanda da unidade Funeas ospital Regional do Norte Pioneiro HRNP, pelo período de 12 doze meses",FUNEAS-Fundação Estatal de Atenção em Saúde do Estado do Paraná,,,,,1.0,1.0,,,-0.23167274687698047,0
851,"Aquisição de motor elétrico cirúrgico odontológico, contra ângulo multiplicador, contra ângulo redutor e brocas cortantes e diamantadas para atender a demanda do Complexo Hospitalar da UEPG.",UEPG-HURCG-Hospital Universitário Regional dos Campos Gerais,,,1.0,2.0,22.0,2.0,,,-0.18418247040064017,0
861,"CONTRATAÇÃO DE EMPRESA ESPECIALIZADA PARA PRESTAÇÃO DE SERVIÇO DE GESTÃO DE EQUIPAMENTOS MÉDICO HOSPITALARES NA ÁREA DE ENGENHARIA CLÍNICA, COM MANUTENÇÃO PREVENTIVA, CORRETIVA E CALIBRAÇÃO EM EQUIPAMENTOS MÉDICO-HOSPITALARES E LABORATORIAIS, COM FORNECIMENTO DE MÃO DE OBRA RESIDENTE PARA ATENDER A DEMANDA DO HOSPITAL UNIVERSITÁRIO REGIONAL DE MARINGÁ PELO PERÍODO DE DOZE MESES - PEÇAS",UEM-Universidade Estadual de Maringá,,,,2.0,2.0,1.0,,,-0.20934548323325353,0
863,"Registro de Preços, pelo período de 1 ano, podendo ser prorrogado por igual período, para futura e
eventual Aquisição de Equipamentos, Eletroportáteis, Eletrodomésticos, Ferramentas elétricas e à combustão e outros, visando atender demandas da Unioeste, Campus de Marechal Cândido
Rondon.",UNIOESTE REITOR-Universidade Estadual do Oeste do Paraná - Reitoria,,,,,36.0,36.0,127.0,,-0.13793990235640163,0
867,"Aquisição de café em pó 500 Gramas, para atender as necessidades do Almoxarifado da Casa Civil.",CASA CIVIL-Casa Civil do Estado do Paraná,,,,1.0,1.0,1.0,,,-0.17458548900861637,0
868,AQUISIÇÃO DE MATERIAL ELÉTRICO,UEM-Universidade Estadual de Maringá,,,,14.0,14.0,14.0,,,-0.16385368745363338,0
873,"Contratação de empresa especializada para manutenção corretiva e/ou preventiva de veículos pesados e maquinários agrícolas, com fornecimento integral de peças e acessórios de reposição",UNIOESTE MCROND-Universidade Estadual do Oeste do Paraná - Campus Marechal Cândido Rondon,,,1.0,2.0,4.0,2.0,,,-0.12565385734738416,0
875,"Contratação de empresa especializada para execução dos serviços de engenharia de readequação de dois estúdios, anfiteatro e sala de edição de vídeo no bloco H-01, conforme planilha orçamentária de referência constante no Anexo XI.",UEM-Universidade Estadual de Maringá,,,,,1.0,1.0,,,-0.22802543310514106,0
887,"Contratação de empresa de engenharia especializada para a instalação de uma usina fotovoltaica
montada sobre a cobertura da portaria principal, consistindo no fornecimento de materiais e
equipamentos, instalação completa das estruturas metálicas de sustentação e sistema de geração de
energia solar fotovoltaica tipo zero grid, documentações e projetos, comissionamento, capacitação da
equipe técnica da ALEP, operação assistida com suporte técnico e homologação junto a concessionária de energia elétrica de sistema de micro geração conectada à rede, com potência instalada tota superior a 30 KWp, para atender as demandas da Assembleia Legislativa do Estado do Paraná, conforme as especificações, quantidades e demais exigências estabelecidas no Termo de Referência e demais documentos técnicos anexos ao presente procedimento.",ALEP-Assembleia Legislativa do Estado do Paraná,,,1.0,1.0,1.0,1.0,,,-0.2280035942250857,0
897,"Prestação de Serviços de Lavagem Predial/limpeza de muros e fachadas, para atender a demanda do Hospital Regional do Litoral",FUNEAS-Fundação Estatal de Atenção em Saúde do Estado do Paraná,,,,,1.0,1.0,,,-0.22651202948399485,0
903,Prestação de serviço de empresa especializada em manutenção preventiva e corretiva com reposição/fornecimento/substituição de peças para autoclaves para atender a demanda do das unidades Funeas Hospital Regional do Norte Pioneiro HRNP e Hospital Zona Sul de Londrina  Eulalino Ignácio De Andrade HZS por um período de 12 doze meses,FUNEAS-Fundação Estatal de Atenção em Saúde do Estado do Paraná,,,,,6.0,3.0,,,-0.22806185255415667,0
906,"Aquisição de telhas em aço destinadas à construção de abrigo coberto para ovinos na área de pastejo da Estação Experimental Prof. Antônio Carlos dos Santos Pessoa, da Unioeste  Campus de Marechal Cândido Rondon",UNIOESTE MCROND-Universidade Estadual do Oeste do Paraná - Campus Marechal Cândido Rondon,,,,,1.0,1.0,,,-0.20843677213650824,0
926,"Contratação de serviços de suporte e manutenção mensal de sistema para gestão da CME, incluindo aquisição de licença de uso de software para atender a demanda do Complexo Hospitalar da UEPG",UEPG-HURCG-Hospital Universitário Regional dos Campos Gerais,,,,1.0,1.0,1.0,,,-0.22053954280550014,0
927,"Registro de Precos para futura contratacao de empresa para o fornecimento Solucao de Tecnologia da Informacao e Comunicacao  TIC, incluindo os servicos de ativacao, configuracao, suporte tecnico, curadoria, manutencao e transferencia de conhecimento de uma Solucao de Contact Center Omnicanal com voz, webchat, WhatsApp, atendimento automatizado bot de voz , chatbot e atendimento de URA, formularios eletrônicos e email, com suporte à inteligencia artificial na modalidade SaaS Software as a Service em nuvem publica e demais condicoes aqui estabelecidas, para a Secretaria de Estado da Educacao  SEED",SEED-Secretaria de Estado da Educação,,,,,9.0,1.0,9.0,,-0.2052215546211365,0
936,selecionar a proposta mais vantajosa para contratação de serviços de terceirização de mão de obra para prestação de serviços de higienização hospitalar para atender a demanda do complexo hospitalar da Universidade Estadual de Ponta Grossa,UEPG-HURCG-Hospital Universitário Regional dos Campos Gerais,,,,,3.0,1.0,,,-0.2259626945055272,0
950,"Contratação de serviços de manutenção de instalações elétricas com fornecimento de mão de obra sem dedicação exclusiva, caminhão munck, e com fornecimento de materiais",UNIOESTE MCROND-Universidade Estadual do Oeste do Paraná - Campus Marechal Cândido Rondon,,,1.0,1.0,4.0,1.0,,,-0.19314551772065874,0
951,"Aquisição de materiais para áudio visual, para atender as necessidades do Núcleo de Comunicação da Casa Civil.",CASA CIVIL-Casa Civil do Estado do Paraná,,,,1.0,11.0,1.0,,,-0.20061031946038232,0
955,"CONTRATAÇÃO DE SERVIÇOS DE APLICAÇÃO DE MANTA ASFÁLTICA PARA COBERTURA DE LAJES, COM FORNECIMENTO DOS MATERIAIS NECESSÁRIOS, EM ÁREA DE 235 METROS QUADRADOS DUZENTOS E TRINTA E CINCO METROS QUADRADOS, NO AMBULATORIO DE ESPECIALIDADES - AEHU-UEL.",UEL-Universidade Estadual de Londrina,,,,,1.0,1.0,,,-0.23254568367713674,0
959,"Contratação de empresa especializada para execução dos serviços comuns de engenharia consistindo em instalações de divisórias em drywall na Biblioteca da UNESPAR Campus de União da Vitória, no endereço Praça Coronel Amazonas s/n, Centro, no município de União da Vitória, Paraná, conforme planilha orçamentária de referência constante no Anexo XIII e Pasta técnica.",UNESPAR-Universidade Estadual do Paraná,,,,,1.0,1.0,,,-0.23287550559873083,0
965,"Prestação de serviços continuados de tecnologia da informação para locação de uso temporário, implantação, treinamento e prestação de serviços de suporte e manutenção de software de interfaceamento laboratorial",UEM-Universidade Estadual de Maringá,,,,3.0,3.0,3.0,,,-0.21357346131631882,0
976,"Contratação de empresa terceirizada especializada, para a prestação de serviços contínuos de manutenção predial preventiva, corretiva e preditiva, com alocação de postos fixos.",PRPREV-Serviço Social Autônomo PARANAPREVIDENCIA,,,,,1.0,1.0,,,-0.23212721994375246,0
982,"Contratação de empresa para a prestação de serviços comuns de engenharia ambiental, referentes à Remoção de Sistema de Armazenamento Subterrâneo de Combustíveis - SASC do Escritório Centro Sudoeste do Departamento de Estradas de Rodagem do Paraná - DER PR, com volume total de tancagem de 60 m3, localizado na Rua Sebastião, bairro Cristo Rei, no município de Francisco Beltrão, Paraná.",DER-Departamento de Estradas de Rodagem do Estado do Paraná,,,,,1.0,1.0,,,-0.23234000606256922,0
985,"Prestação de serviço de MANUTENÇÃO DE ULTRASSOM MARCA SAMSUNG, por processo 
Licitatório, para atender a demanda do Hospital Regional de Telêmaco Borba HRTB, pelo período de 
12 meses",FUNEAS-Fundação Estatal de Atenção em Saúde do Estado do Paraná,,,,,2.0,1.0,,,-0.2275117069777413,0
991,Manutenção iluminação pública.,ADAPAR-Agência de Defesa Agropecuária do Paraná,,,,,1.0,1.0,,,-0.23291320036822022,0
1002,"A presente licitação tem por objeto a PRESTAÇÃO DE SERVIÇO DE MANUTENÇÃO PREVENTIVA E CORRETIVA EM EQUIPAMENTO DE TOMOGRAFIA COMPUTADORIZADA COM REPOSIÇÃO DE PEÇAS, ACESSÓRIOS E PERIFÉRICOS, INCLUINDO TROCA DE TUBO DE RAIOS-X, DE UM TOMÓGRAFO MARCA SIEMENS MODELO SOMATOM GO. UP  SN 136082, para atender a demanda do Hospital Regional do Norte Pioneiro HRNP, pelo período de 12 doze meses",FUNEAS-Fundação Estatal de Atenção em Saúde do Estado do Paraná,,,,,1.0,1.0,,,-0.2286078433792434,0
1024,"A aquisição de carro para transporte de enxoval hospitalar, carro container para transporte de roupa com porta lateral dobrável e com tampa, para atender o Hospital Universitário de Londrina.",UEL-Universidade Estadual de Londrina,,,,,4.0,4.0,,,-0.22424674296977365,0
1059,"Contratação de empresa especializada para execução dos serviços comuns de engenharia consistindo em pintura predial em ambientes internos, remoção e substituição de peças danificadas de madeira em áreas de forro e outros serviços complementares na UNESPAR Campus de União da Vitória, no endereço Praça Coronel Amazonas s/n, Centro, no município de União da Vitória, Paraná, conforme planilha orçamentária de referência constante no Anexo XIII e Pasta técnica",UNESPAR-Universidade Estadual do Paraná,,,,,1.0,1.0,,,-0.23304540360597686,0
1064,"Contratação de empresa especializada para executar serviços de  manutenção preventiva e corretiva, com chamada técnica, do nobreak do complexo hospitalar da UEPG.",UEPG-HURCG-Hospital Universitário Regional dos Campos Gerais,,,,,1.0,1.0,,,-0.23223141010754922,0
1065,Contratação de empresa especializada em manutenção preventiva e corretiva com fornecimento de peças para os equipamentos estação de anestesia carrinho marca GE Datex-Ohmeda  modelo Aespire 7900 e modelo 9100C Next para atender a demanda do centro cirúrgico e centro obstétrico do Hospital Universitário do Oeste do Paraná - HUOP.,UNIOESTE HUOP-Universidade Estadual do Oeste do Paraná - Hospital Universitário do Oeste do Paraná,,,,,9.0,1.0,,,-0.20910330329826549,0
1071,"Registro de preço para futura e eventual aquisição de acessórios e peças para Engenharia Clínica, para atender a demanda do Hospital Universitário do Oeste do Paraná - HUOP.",UNIOESTE REITOR-Universidade Estadual do Oeste do Paraná - Reitoria,,,,,21.0,21.0,21.0,,-0.17353630098484463,0
1073,"Formação de registro de preços para a aquisição de bebedouros elétricos de coluna e de mesa para a Assembleia Legislativa do Paraná, visando o atendimento aos deputados, servidores, terceirizados,  membros do Poder Legislativo e visitantes.",ALEP-Assembleia Legislativa do Estado do Paraná,,,,,2.0,1.0,2.0,,-0.21902122575260508,0
1100,"Contratação de empresa especializada para o fornecimento de solução integrada de painel com
tecnologia LED e matriz de vídeo para o plenário da Assembleia Legislativa, incluindo o fornecimento de equipamentos, instalação, configuração, manutenção, suporte técnico, garantia dos componentes e serviços necessários para o pleno funcionamento do sistema.",ALEP-Assembleia Legislativa do Estado do Paraná,,,,,14.0,1.0,,,-0.2071070510710456,0
1129,"PRESTAÇÃO DE SERVIÇOS DE MANUTENÇÃO PREVENTIVA E CORRETIVA EM ELEVADORES, COM
REPOSIÇÃO/FORNECIMENTO/SUBSTITUIÇÃO DE PEÇAS E ACESSÓRIOS PARA ATENDER A
DEMANDA DO HOSPITAL REGIONAL DE TELÊMACO BORBA - HRTB",FUNEAS-Fundação Estatal de Atenção em Saúde do Estado do Paraná,,,,,2.0,2.0,,,-0.23025086011832502,0
1159,"aquisição de materiais para manutenção de bens imóveis, ferramentas e materiais elétricos e eletrônicos",UEM-Universidade Estadual de Maringá,,,,,51.0,51.0,,,-0.09747915468026441,0
1174,"contratação de empresa especializada em serviços comuns de instalação e manutenção de rede de telefonia e rede lógica., conforme especificações estabelecidas neste instrumento e seus anexos",IDR-Instituto de Desenvolvimento Rural do Paraná - IAPAR-EMATER,,,,,1.0,1.0,,,-0.22723539349135552,0
1,"Consultoria para elaboração da seleção de empresa de consultoria em projeto financiado pelo Banco Internacional para Reconstrução e Desenvolvimento - BIRD para elaboração de um diagnóstico, como também para apresentação de propostas de reestruturação do sistema de assistência à saúde - SAS do Estado do Paraná, através do Projeto Paraná Eficiente",SEAP-Secretaria de Estado da Administração e da Previdência,,,7.0,13.0,29.0,25.0,16.0,,-0.1388080585926264,0
